object_label,num_branches,num_projections,branch_lengths,total_skeleton_length,area,fractal_dim,perimeter,circularity,roundness,projection_lengths,avg_projection_length,max_projection_length,neighbors,length_width_ratio,file_name
1,13,6,"[17.72792206135786, 12.313708498984763, 12.414213562373096, 51.52691193458117, 16.72792206135786, 22.656854249492383, 7.0, 23.62741699796953, 9.656854249492381, 16.55634918610405, 34.485281374238575, 27.89949493661167, 31.62741699796953]",284.22034611053283,4925,-1.0,451.3036025762558,0.30386347362942856,3.290951650278087,"[25.399494767189026, 13.020815074443817, 20.09188276529312, 19.949747383594513, 13.192387998104095, 9.192387998104095]",16.807785997788113,25.399494767189026,1,1.3444444444444446,r07c02f07p01-ch2sk1fk1fl1.tiff
3,25,13,"[12.899494936611667, 9.071067811865476, 11.65685424949238, 17.82842712474619, 6.414213562373095, 43.21320343559643, 5.82842712474619, 14.242640687119286, 35.242640687119284, 25.213203435596434, 12.071067811865477, 86.74011537017756, 8.0, 6.414213562373095, 15.899494936611667, 23.48528137423857, 17.071067811865476, 10.414213562373096, 4.82842712474619, 12.313708498984763, 4.0, 13.485281374238571, 37.14213562373095, 17.071067811865476, 5.82842712474619]",456.3746750430836,5559,-1.0,729.4528775215149,0.1312840767717717,7.617069979769373,"[14.156854152679443, 33.606601536273956, 9.192387998104095, 1.5, 7.914213538169861, 13.949747383594513, 20.156854152679443, 22.09188276529312, 11.121320307254791, 3.914213538169861, 9.156854152679443, 5.7426406145095825, 9.363960921764374]",12.451348543167114,33.606601536273956,1,1.6055045871559632,r07c02f07p01-ch2sk1fk1fl1.tiff
4,13,7,"[58.254833995939016, 21.798989873223338, 22.72792206135786, 7.82842712474619, 4.0, 30.89949493661167, 31.07106781186548, 70.31370849898475, 7.242640687119285, 33.89949493661167, 13.071067811865476, 17.82842712474619, 13.242640687119286]",332.1787155501902,4142,-1.0,568.6000666618347,0.16099268593801194,6.211462304474108,"[15.328427076339722, 10.156854152679443, 28.399494767189026, 4.914213538169861, 19.813708305358887, 18.2634556889534, 54.719299376010895]",21.656493272100175,54.719299376010895,2,2.3378378378378377,r07c02f07p01-ch2sk1fk1fl1.tiff
6,7,4,"[12.899494936611667, 4.414213562373095, 18.656854249492383, 13.485281374238571, 16.82842712474619, 7.0, 19.485281374238575]",92.76955262170048,1142,1.4074061208110322,182.1248903274536,0.4326506509007404,2.311333631229003,"[4.5, 10.363960921764374, 1.5, 9.985281229019165]",6.587310537695885,10.363960921764374,0,2.36,r07c02f07p01-ch2sk1fk1fl1.tiff
7,5,3,"[37.89949493661166, 3.0, 24.313708498984763, 7.414213562373095, 7.82842712474619]",80.4558441227157,820,1.4409672641067768,171.0538227558136,0.35217469543592667,2.8394998645833605,"[4.70710676908493, 0.5, 34.778174459934235]",13.328427076339722,34.778174459934235,1,2.576923076923077,r07c02f07p01-ch2sk1fk1fl1.tiff
8,17,8,"[11.242640687119286, 10.828427124746192, 17.313708498984763, 12.485281374238571, 3.82842712474619, 52.14213562373095, 5.82842712474619, 26.485281374238575, 10.656854249492381, 10.82842712474619, 21.48528137423857, 42.38477631085024, 45.89949493661167, 34.798989873223334, 34.213203435596434, 9.485281374238571, 11.485281374238571]",361.3919189857867,3675,-1.0,641.0853474140167,0.11236615127883093,8.899477187917121,"[31.67766922712326, 39.05634891986847, 7.7426406145095825, 0.7071067690849304, 9.778174459934235, 14.399494767189026, 7.914213538169861, 8.328427076339722]",14.950509421527386,39.05634891986847,0,1.3,r07c02f07p01-ch2sk1fk1fl1.tiff
9,17,9,"[6.414213562373095, 10.65685424949238, 29.970562748477146, 13.899494936611669, 8.0, 6.65685424949238, 3.0, 20.313708498984763, 15.899494936611667, 13.313708498984763, 21.414213562373096, 12.82842712474619, 11.65685424949238, 8.242640687119284, 10.485281374238571, 14.656854249492381, 8.242640687119284]",215.65180361560908,2271,-1.0,313.8061294555664,0.28980385203358344,3.450609758921067,"[6.949747383594513, 11.742640614509583, 18.91421353816986, 10.606601536273956, 12.363960921764374, 5.5, 10.363960921764374, 8.156854152679443, 3.7071067690849304]",9.81167620420456,18.91421353816986,2,1.095890410958904,r07c02f07p01-ch2sk1fk1fl1.tiff
10,7,4,"[15.242640687119287, 17.313708498984763, 12.656854249492381, 5.414213562373095, 23.485281374238575, 1.0, 41.556349186104036]",116.66904755831214,1312,1.5350362904007908,194.5512956380844,0.43558753602761185,2.2957498029434205,"[19.985281229019165, 2.914213538169861, 13.778174459934235, 12.742640614509583]",12.35507746040821,19.985281229019165,0,1.163265306122449,r07c02f07p01-ch2sk1fk1fl1.tiff
11,23,12,"[39.870057685088796, 22.798989873223338, 19.384776310850242, 10.899494936611667, 2.0, 33.041630560342625, 2.0, 8.242640687119286, 3.0, 20.82842712474619, 15.071067811865476, 12.071067811865477, 4.82842712474619, 5.656854249492381, 3.414213562373095, 12.65685424949238, 41.31370849898475, 9.82842712474619, 15.82842712474619, 6.414213562373095, 7.82842712474619, 40.698484809834994, 11.485281374238571]",349.1614716074872,3404,-1.0,499.83051443099976,0.17121975972532338,5.840447396984054,"[37.78427076339722, 3.5, 13.328427076339722, 6.914213538169861, 9.535533845424652, 2.1213203072547913, 18.32842707633972, 4.914213538169861, 7.571067690849304, 16.05634891986847, 19.47056245803833, 36.334523379802704]",14.65490904947122,37.78427076339722,0,1.2413793103448276,r07c02f07p01-ch2sk1fk1fl1.tiff
12,13,4,"[17.313708498984763, 4.0, 2.0, 1.4142135623730951, 11.313708498984763, 17.142135623730955, 4.414213562373095, 6.0, 9.071067811865476, 27.142135623730955, 2.0, 1.4142135623730951, 3.414213562373095]",106.63961030678928,984,1.4396268039406062,187.43859815597534,0.3519548120326036,2.841273839175025,"[10.656854152679443, 14.020815074443817, 13.692387998104095, 13.778174459934235]",13.037057921290398,14.020815074443817,0,1.3333333333333333,r07c02f07p01-ch2sk1fk1fl1.tiff
13,7,4,"[13.071067811865477, 4.414213562373095, 21.48528137423857, 4.242640687119286, 17.242640687119287, 8.242640687119284, 5.242640687119286]",73.9411254969543,891,1.4050016358609416,151.74011409282684,0.48628038908332,2.0564267497710227,"[5.121320307254791, 18.363960921764374, 1.9142135381698608, 10.363960921764374]",8.94086392223835,18.363960921764374,1,1.027027027027027,r07c02f07p01-ch2sk1fk1fl1.tiff
14,7,4,"[17.48528137423857, 5.656854249492381, 4.0, 16.313708498984763, 12.485281374238571, 5.656854249492381, 36.87005768508881]",98.46803743153548,868,1.383975718574739,187.68123924732208,0.3096619643331941,3.2293278322164456,"[2.1213203072547913, 9.571067690849304, 2.1213203072547913, 14.571067690849304]",7.096193999052048,14.571067690849304,1,1.06,r07c02f07p01-ch2sk1fk1fl1.tiff
15,10,4,"[19.07106781186548, 20.142135623730955, 15.242640687119287, 18.899494936611667, 5.0, 9.485281374238571, 22.48528137423857, 2.0, 1.4142135623730951, 5.82842712474619]",119.56854249492379,1738,1.5832485167145052,244.06601464748383,0.36664436689417784,2.727438603437274,"[19.778174459934235, 15.571067690849304, 17.227921843528748, 15.742640614509583]",17.079951152205467,19.778174459934235,0,1.3953488372093024,r07c02f07p01-ch2sk1fk1fl1.tiff
16,5,3,"[15.727922061357859, 9.071067811865476, 6.82842712474619, 21.071067811865476, 32.31370849898476]",85.01219330881976,1135,1.5111033149348578,161.88224983215332,0.5442610590735193,1.8373535701824277,"[18.571067690849304, 5.535533845424652, 12.606601536273956]",12.23773435751597,18.571067690849304,1,1.170731707317073,r07c02f07p01-ch2sk1fk1fl1.tiff
17,11,6,"[21.313708498984763, 10.414213562373096, 5.414213562373095, 7.65685424949238, 2.0, 35.21320343559643, 18.313708498984763, 25.313708498984766, 2.0, 35.79898987322333, 8.071067811865476]",171.5096679918781,1883,1.4225037953901631,302.2081505060196,0.25908832183649894,3.859687665239744,"[32.2634556889534, 21.985281229019165, 15.192387998104095, 4.328427076339722, 7.70710676908493, 18.606601536273956]",16.680543382962544,32.2634556889534,0,1.6981132075471699,r07c02f07p01-ch2sk1fk1fl1.tiff
18,19,10,"[9.414213562373096, 11.899494936611667, 5.0, 8.0, 17.48528137423857, 22.55634918610405, 4.82842712474619, 18.313708498984763, 41.970562748477136, 4.242640687119286, 10.0, 10.071067811865476, 10.071067811865476, 14.656854249492383, 12.0, 7.0, 4.0, 9.656854249492381, 9.65685424949238]",230.8233764908628,2861,-1.0,386.87719643116,0.24020467620559868,4.163116288144486,"[6.7426406145095825, 9.5, 4.5, 12.156854152679443, 0.7071067690849304, 15.606601536273956, 1.5, 5.5, 8.778174459934235, 6.914213538169861]",7.190559107065201,15.606601536273956,0,2.3877551020408165,r07c02f07p01-ch2sk1fk1fl1.tiff
19,3,2,"[12.242640687119286, 15.656854249492383, 18.142135623730955]",46.041630560342625,412,1.2197868378728258,100.56854128837585,0.5118972285895408,1.953517120527017,"[12.742640614509583, 9.121320307254791]",10.931980460882187,12.742640614509583,0,1.103448275862069,r07c02f07p01-ch2sk1fk1fl1.tiff
20,7,3,"[12.242640687119286, 17.72792206135786, 16.071067811865476, 15.242640687119286, 3.82842712474619, 20.899494936611667, 23.72792206135786]",109.7401153701776,1182,1.5371962037816584,193.53910386562347,0.3965426357226674,2.521796926521103,"[17.985281229019165, 0.7071067690849304, 9.742640614509583]",9.478342870871225,17.985281229019165,0,1.3243243243243243,r07c02f07p01-ch2sk1fk1fl1.tiff
21,5,3,"[21.899494936611667, 32.48528137423857, 16.142135623730955, 13.828427124746192, 4.0]",88.35533905932738,1175,1.4452826917302557,182.95331692695618,0.44113057032234243,2.2669025165707315,"[10.91421353816986, 29.363960921764374, 18.778174459934235]",19.685449639956158,29.363960921764374,0,1.2340425531914894,r07c02f07p01-ch2sk1fk1fl1.tiff
22,8,3,"[25.48528137423857, 2.0, 1.4142135623730951, 18.82842712474619, 3.8284271247461903, 16.07106781186548, 6.82842712474619, 3.0]",77.45584412271572,1062,1.48287289371834,175.05382251739502,0.43550303270246626,2.2961952613615795,"[0.5, 0.7071067690849304, 42.899494767189026]",14.702200512091318,42.899494767189026,0,2.3214285714285716,r07c02f07p01-ch2sk1fk1fl1.tiff
23,5,3,"[4.0, 18.07106781186548, 6.65685424949238, 13.071067811865476, 6.242640687119285]",48.04163056034262,441,1.3040322488209195,108.52691125869751,0.47051510228191956,2.125330292588202,"[9.949747383594513, 3.535533845424652, 1.5]",4.995093743006389,9.949747383594513,0,1.434782608695652,r07c02f07p01-ch2sk1fk1fl1.tiff
24,7,4,"[9.65685424949238, 23.142135623730955, 5.0, 6.656854249492381, 6.414213562373095, 10.414213562373096, 30.313708498984763]",91.59797974644667,731,1.4089133645511427,160.02438497543335,0.3587194355122307,2.787693949651927,"[7.5, 2.5, 20.020815074443817, 7.156854152679443]",9.294417306780815,20.020815074443817,0,1.4,r07c02f07p01-ch2sk1fk1fl1.tiff
25,21,11,"[27.970562748477146, 29.384776310850242, 14.485281374238571, 22.798989873223338, 11.313708498984763, 10.485281374238571, 7.414213562373095, 14.142135623730955, 9.65685424949238, 23.313708498984763, 17.72792206135786, 50.384776310850235, 10.82842712474619, 3.82842712474619, 11.485281374238571, 4.414213562373095, 8.65685424949238, 26.384776310850242, 15.313708498984763, 6.242640687119285, 45.0416305603426]",371.27416997969516,4784,-1.0,569.5706288814545,0.18531298992627368,5.396275784001151,"[3.3284270763397217, 11.778174459934235, 5.535533845424652, 8.156854152679443, 7.70710676908493, 14.606601536273956, 10.606601536273956, 7.778174459934235, 19.2634556889534, 10.949747383594513, 25.47056245803833]",11.38011266968467,25.47056245803833,0,1.0598290598290598,r07c02f07p01-ch2sk1fk1fl1.tiff
26,53,27,"[49.2132034355964, 9.0, 35.798989873223334, 10.65685424949238, 22.0, 61.28427124746189, 28.213203435596434, 30.45584412271572, 4.242640687119286, 5.414213562373095, 15.727922061357859, 13.071067811865476, 25.313708498984766, 8.414213562373096, 14.242640687119286, 16.55634918610405, 25.213203435596434, 7.0710678118654755, 16.656854249492383, 27.798989873223338, 7.0, 12.65685424949238, 44.76955262170047, 53.31370849898476, 29.45584412271572, 17.48528137423857, 8.82842712474619, 12.656854249492381, 12.071067811865477, 2.0, 17.071067811865476, 20.142135623730955, 9.485281374238571, 28.79898987322334, 19.142135623730955, 14.727922061357859, 10.071067811865476, 9.0, 17.07106781186548, 3.82842712474619, 25.313708498984766, 8.485281374238571, 8.82842712474619, 28.041630560342625, 7.414213562373095, 22.72792206135786, 31.213203435596434, 13.727922061357859, 7.65685424949238, 16.142135623730955, 19.656854249492383, 16.899494936611667, 12.656854249492381]",994.6854249492382,13584,-1.0,1156.2295696735382,0.12768779668566382,7.831601969464285,"[13.363960921764374, 12.606601536273956, 10.606601536273956, 27.67766922712326, 24.506096303462982, 4.949747383594513, 0.7071067690849304, 6.949747383594513, 11.192387998104095, 6.363960921764374, 17.020815074443817, 8.742640614509583, 5.914213538169861, 14.363960921764374, 26.334523379802704, 41.64823168516159, 24.67766922712326, 14.156854152679443, 21.67766922712326, 13.020815074443817, 26.920309841632843, 25.09188276529312, 58.370057225227356, 19.5, 7.535533845424652, 6.5, 45.88477599620819]",18.380882687038845,58.370057225227356,0,1.6159420289855073,r07c02f07p01-ch2sk1fk1fl1.tiff
27,7,4,"[3.414213562373095, 9.414213562373096, 4.414213562373095, 11.65685424949238, 7.82842712474619, 32.55634918610405, 13.485281374238571]",82.76955262170047,767,1.4155895193802803,156.46803629398346,0.39368961944684316,2.5400720532206518,"[29.64213538169861, 8.535533845424652, 6.5, 0.5]",11.294417306780815,29.64213538169861,0,1.303030303030303,r07c02f07p01-ch2sk1fk1fl1.tiff
28,20,9,"[16.071067811865476, 10.071067811865476, 4.414213562373095, 12.485281374238571, 8.0, 11.242640687119286, 14.899494936611667, 2.0, 1.4142135623730951, 13.071067811865477, 14.727922061357859, 3.0, 19.72792206135786, 10.414213562373096, 14.485281374238571, 4.82842712474619, 9.485281374238571, 6.0, 6.242640687119285, 22.55634918610405]",205.13708498984766,1563,1.5016375326585163,341.9066346883774,0.16801721640662756,5.951771023154233,"[3.1213203072547913, 5.949747383594513, 11.985281229019165, 16.192387998104095, 7.70710676908493, 25.38477599620819, 1.5, 6.7426406145095825, 12.535533845424652]",10.124310460355547,25.38477599620819,0,1.0847457627118644,r07c02f07p01-ch2sk1fk1fl1.tiff
29,23,12,"[15.485281374238573, 17.970562748477146, 31.45584412271572, 18.65685424949238, 13.828427124746192, 24.55634918610405, 15.313708498984763, 30.798989873223338, 27.798989873223338, 35.14213562373095, 9.071067811865476, 21.485281374238575, 5.0, 26.798989873223338, 26.89949493661167, 7.65685424949238, 12.485281374238571, 8.65685424949238, 4.0, 3.8284271247461903, 15.0, 5.0, 25.142135623730955]",402.031529292576,7047,-1.0,665.1686071157455,0.2001477198505909,4.99630972936636,"[2.5, 0.5, 1.5, 5.328427076339722, 4.7426406145095825, 1.5, 18.156854152679443, 5.535533845424652, 11.778174459934235, 28.541630148887634, 14.849242150783539, 12.156854152679443]",8.924113050103188,28.541630148887634,0,1.1353383458646618,r07c02f07p01-ch2sk1fk1fl1.tiff
30,3,2,"[5.242640687119286, 12.485281374238571, 8.071067811865476]",25.798989873223334,313,1.2228147437868244,74.04163014888763,0.7174675407875803,1.3937912771667376,"[9.985281229019165, 2.1213203072547913]",6.053300768136978,9.985281229019165,1,1.2941176470588236,r07c02f07p01-ch2sk1fk1fl1.tiff
31,3,2,"[22.48528137423857, 8.414213562373096, 27.55634918610405]",58.45584412271572,556,1.3081617099101055,123.15432798862457,0.460665085920681,2.1707744532047815,"[5.914213538169861, 19.985281229019165]",12.949747383594513,19.985281229019165,0,1.84,r07c02f07p01-ch2sk1fk1fl1.tiff
32,3,2,"[18.48528137423857, 13.485281374238571, 10.242640687119286]",42.21320343559643,365,1.188295248077023,85.35533785820007,0.6295661323593039,1.5883954815874424,"[10.363960921764374, 15.363960921764374]",12.863960921764374,15.363960921764374,1,1.2727272727272727,r07c02f07p01-ch2sk1fk1fl1.tiff
33,5,3,"[10.242640687119286, 10.485281374238571, 3.82842712474619, 16.82842712474619, 8.82842712474619]",50.213203435596434,512,1.2639774521550138,104.66904652118683,0.5872774008794632,1.702772826780792,"[14.328427076339722, 7.363960921764374, 7.328427076339722]",9.673605024814606,14.328427076339722,0,1.1071428571428572,r07c02f07p01-ch2sk1fk1fl1.tiff
34,6,2,"[17.899494936611667, 2.0, 1.4142135623730951, 21.656854249492383, 5.82842712474619, 9.071067811865476]",57.87005768508882,554,1.240538635731337,137.39696836471558,0.3687782748286244,2.711656483735957,"[2.914213538169861, 38.7634556889534]",20.83883461356163,38.7634556889534,0,1.4193548387096775,r07c02f07p01-ch2sk1fk1fl1.tiff
35,9,4,"[7.414213562373095, 22.242640687119287, 14.656854249492381, 5.242640687119286, 13.414213562373096, 9.0, 6.82842712474619, 3.414213562373095, 4.82842712474619]",87.04163056034261,803,1.3279922446566812,164.81118214130402,0.3714942194288448,2.691831925507357,"[3.914213538169861, 2.1213203072547913, 19.742640614509583, 4.70710676908493]",7.621320307254791,19.742640614509583,0,2.111111111111111,r07c02f07p01-ch2sk1fk1fl1.tiff
1,15,6,"[41.11269837220808, 20.899494936611667, 9.899494936611667, 6.242640687119285, 6.0, 1.0, 6.414213562373095, 13.727922061357859, 6.0, 35.041630560342625, 13.727922061357859, 16.48528137423857, 3.0, 12.656854249492381, 11.242640687119284]",203.45079348883237,1571,-1.0,306.1492760181427,0.210629683688022,4.7476689063502,"[9.535533845424652, 13.571067690849304, 10.192387998104095, 10.606601536273956, 3.5, 6.363960921764374]",8.961591998736063,13.571067690849304,1,1.1578947368421053,r05c02f04p01-ch2sk1fk1fl1.tiff
2,24,12,"[17.656854249492383, 11.485281374238571, 7.0, 49.48528137423857, 7.242640687119285, 11.65685424949238, 24.313708498984763, 11.313708498984763, 1.0, 16.899494936611667, 28.970562748477146, 15.485281374238573, 19.414213562373096, 5.242640687119286, 1.0, 10.414213562373096, 26.72792206135786, 8.65685424949238, 16.656854249492383, 40.87005768508881, 3.414213562373095, 7.656854249492381, 5.0, 6.65685424949238]",354.22034611053283,4033,-1.0,606.4579310417175,0.13779603655333142,7.257102780405215,"[2.5, 0.7071067690849304, 5.328427076339722, 13.742640614509583, 30.399494767189026, 12.778174459934235, 12.778174459934235, 9.192387998104095, 8.535533845424652, 4.5, 8.363960921764374, 14.535533845424652]",10.280119563142458,30.399494767189026,1,1.2857142857142858,r05c02f04p01-ch2sk1fk1fl1.tiff
3,7,4,"[7.414213562373095, 8.82842712474619, 16.313708498984763, 10.656854249492381, 18.65685424949238, 7.414213562373095, 18.485281374238575]",87.76955262170048,855,1.341039800928526,167.5391035079956,0.38277503448834166,2.6125005810180584,"[4.914213538169861, 7.328427076339722, 5.70710676908493, 4.914213538169861]",5.7159902304410934,7.328427076339722,2,1.696969696969697,r05c02f04p01-ch2sk1fk1fl1.tiff
4,3,2,"[33.38477631085024, 10.65685424949238, 9.071067811865476]",53.1126983722081,558,1.2868714802123888,114.0832599401474,0.5387660456004174,1.8560932118236393,"[7.535533845424652, 30.67766922712326]",19.106601536273956,30.67766922712326,0,1.5384615384615385,r05c02f04p01-ch2sk1fk1fl1.tiff
5,15,8,"[54.355339059327356, 24.313708498984763, 10.0, 5.82842712474619, 13.899494936611667, 21.313708498984763, 30.041630560342625, 21.656854249492383, 10.0, 28.55634918610405, 8.071067811865476, 29.313708498984766, 11.414213562373096, 6.65685424949238, 7.0710678118654755]",282.49242404917493,3180,-1.0,441.26197278499603,0.205231481138994,4.872546816161918,"[3.535533845424652, 26.606601536273956, 25.020815074443817, 26.920309841632843, 10.778174459934235, 7.5, 21.813708305358887, 51.44112491607666]",21.70203349739313,51.44112491607666,1,1.2941176470588236,r05c02f04p01-ch2sk1fk1fl1.tiff
6,3,2,"[7.414213562373095, 9.242640687119286, 5.242640687119285]",21.899494936611664,300,1.0945383568553024,68.38477611541748,0.8061433205189252,1.2404742116529435,"[6.535533845424652, 4.914213538169861]",5.7248736917972565,6.535533845424652,0,1.0526315789473684,r05c02f04p01-ch2sk1fk1fl1.tiff
7,11,6,"[29.242640687119287, 31.45584412271572, 42.071067811865476, 7.242640687119285, 23.55634918610405, 10.071067811865476, 8.414213562373096, 7.0, 17.55634918610405, 14.313708498984763, 18.55634918610405]",209.4802307403553,2041,-1.0,336.10764467716217,0.2270367115566727,4.404574014235495,"[11.399494767189026, 14.020815074443817, 6.7426406145095825, 20.020815074443817, 28.127416610717773, 25.91421353816986]",17.704232613245647,28.127416610717773,2,2.2857142857142856,r05c02f04p01-ch2sk1fk1fl1.tiff
8,37,19,"[8.82842712474619, 8.485281374238571, 2.0, 8.242640687119286, 19.142135623730955, 7.656854249492381, 7.242640687119285, 3.414213562373095, 34.55634918610405, 23.970562748477146, 8.656854249492381, 12.82842712474619, 18.55634918610405, 12.828427124746192, 18.384776310850242, 6.0, 6.82842712474619, 15.313708498984763, 21.899494936611667, 10.071067811865476, 12.071067811865476, 24.55634918610405, 3.0, 11.485281374238571, 17.82842712474619, 40.8700576850888, 10.0, 61.941125496954264, 63.597979746446626, 14.242640687119287, 7.0, 10.0, 7.242640687119286, 12.485281374238571, 28.798989873223338, 14.899494936611667, 10.899494936611667]",605.8254685319159,7336,-1.0,890.063049197197,0.11636641187300499,8.59354502647497,"[11.778174459934235, 3.7071067690849304, 9.363960921764374, 26.09188276529312, 11.328427076339722, 37.334523379802704, 0.5, 8.949747383594513, 7.156854152679443, 3.5, 14.849242150783539, 10.121320307254791, 5.535533845424652, 20.435028612613678, 0.5, 4.535533845424652, 4.914213538169861, 4.949747383594513, 5.70710676908493]",10.066231755833877,37.334523379802704,2,1.099236641221374,r05c02f04p01-ch2sk1fk1fl1.tiff
10,7,4,"[13.242640687119286, 8.82842712474619, 10.242640687119286, 20.656854249492383, 10.485281374238571, 4.414213562373095, 7.0]",74.87005768508881,887,1.3022531013642442,149.78174424171448,0.4968390427702353,2.012724270669793,"[1.9142135381698608, 6.949747383594513, 5.914213538169861, 10.742640614509583]",6.380203768610954,10.742640614509583,1,1.236842105263158,r05c02f04p01-ch2sk1fk1fl1.tiff
11,9,5,"[22.55634918610405, 14.485281374238573, 34.55634918610404, 1.0, 7.242640687119285, 12.071067811865477, 36.65685424949238, 15.727922061357859, 20.313708498984763]",164.61017305526642,2044,-1.0,273.48022878170013,0.3434305191789623,2.911797129709658,"[12.606601536273956, 9.156854152679443, 31.64213538169861, 11.156854152679443, 19.020815074443817]",16.716652059555052,31.64213538169861,1,2.0,r05c02f04p01-ch2sk1fk1fl1.tiff
14,5,2,"[14.142135623730955, 12.485281374238571, 2.0, 6.0, 16.72792206135786]",51.355339059327385,538,1.22020199872288,103.21320307254791,0.6346315046972566,1.5757175504185505,"[3.5, 9.156854152679443]",6.328427076339722,9.156854152679443,1,1.173913043478261,r05c02f04p01-ch2sk1fk1fl1.tiff
15,13,7,"[43.52691193458118, 15.313708498984763, 16.313708498984763, 12.071067811865476, 6.82842712474619, 15.414213562373096, 1.0, 11.899494936611667, 4.0, 18.55634918610405, 12.071067811865476, 8.82842712474619, 11.485281374238571]",177.30865786510142,1760,1.5840538820514491,271.66399335861206,0.29968042166044623,3.3368879904108413,"[5.914213538169861, 15.020815074443817, 8.363960921764374, 3.5, 8.949747383594513, 12.192387998104095, 40.40559107065201]",13.478102283818382,40.40559107065201,1,1.1290322580645162,r05c02f04p01-ch2sk1fk1fl1.tiff
17,5,3,"[10.242640687119284, 5.242640687119286, 13.071067811865476, 4.242640687119286, 5.82842712474619]",38.62741699796952,292,1.1668957575656198,89.94112491607666,0.4536031745152408,2.204570109256148,"[0.7071067690849304, 2.1213203072547913, 7.535533845424652]",3.4546536405881247,7.535533845424652,0,1.368421052631579,r05c02f04p01-ch2sk1fk1fl1.tiff
19,13,7,"[20.72792206135786, 20.142135623730955, 10.899494936611667, 1.0, 4.414213562373095, 15.142135623730955, 16.0, 10.82842712474619, 8.071067811865476, 9.485281374238571, 12.242640687119286, 19.313708498984763, 9.485281374238571]",157.7523086789974,1902,-1.0,219.58073389530182,0.4957148305206017,2.017288849215578,"[15.778174459934235, 6.156854152679443, 4.949747383594513, 11.606601536273956, 7.778174459934235, 17.020815074443817, 18.020815074443817]",11.615883163043431,18.020815074443817,0,1.0196078431372548,r05c02f04p01-ch2sk1fk1fl1.tiff
21,8,3,"[16.071067811865476, 1.4142135623730951, 2.0, 30.313708498984763, 9.65685424949238, 6.414213562373095, 11.242640687119286, 11.899494936611667]",89.01219330881977,911,1.4627917059535147,165.53910386562347,0.41776017971081175,2.393717851931783,"[7.914213538169861, 6.7426406145095825, 45.38477599620819]",20.01387671629588,45.38477599620819,1,1.6666666666666667,r05c02f04p01-ch2sk1fk1fl1.tiff
22,7,4,"[22.970562748477146, 10.485281374238571, 19.414213562373096, 11.899494936611667, 4.0, 25.970562748477146, 20.72792206135786]",115.46803743153549,1609,1.258354576308413,225.8233746290207,0.3964862420096297,2.522155611078461,"[22.84924215078354, 8.363960921764374, 7.363960921764374, 19.435028612613678]",14.503048151731491,22.84924215078354,0,1.1428571428571428,r05c02f04p01-ch2sk1fk1fl1.tiff
23,9,5,"[40.31370849898475, 13.727922061357859, 18.656854249492383, 10.82842712474619, 10.0, 14.828427124746192, 5.82842712474619, 7.82842712474619, 4.0]",126.01219330881975,1478,1.4668322450126026,208.99494767189026,0.42521906013792327,2.3517290115726275,"[5.328427076339722, 12.328427076339722, 7.5, 10.192387998104095, 37.399494767189026]",14.549747383594513,37.399494767189026,0,1.0377358490566038,r05c02f04p01-ch2sk1fk1fl1.tiff
24,3,2,"[6.82842712474619, 21.313708498984766, 20.07106781186548]",48.21320343559644,1390,1.5668541505700282,154.66904640197754,0.7301596820508902,1.3695634319210501,"[18.813708305358887, 3.914213538169861]",11.363960921764374,18.813708305358887,0,1.075,r05c02f04p01-ch2sk1fk1fl1.tiff
25,9,5,"[7.414213562373095, 9.414213562373096, 30.656854249492383, 4.82842712474619, 6.0, 5.242640687119286, 26.414213562373096, 6.82842712474619, 11.485281374238571]",108.2842712474619,1511,1.5128246137872328,248.89444208145142,0.30650949381631815,3.2625416836167225,"[3.914213538169861, 1.7071067690849304, 1.9142135381698608, 6.914213538169861, 4.914213538169861]",3.8727921843528748,6.914213538169861,0,2.71875,r05c02f04p01-ch2sk1fk1fl1.tiff
26,23,12,"[17.313708498984763, 4.0, 6.242640687119285, 4.0, 25.656854249492383, 34.627416997969526, 18.970562748477146, 20.82842712474619, 17.656854249492383, 25.899494936611667, 12.485281374238571, 3.0, 42.04163056034261, 6.242640687119285, 27.82842712474619, 57.455844122715696, 14.828427124746192, 15.65685424949238, 56.21320343559641, 4.414213562373095, 21.485281374238575, 5.0, 3.0]",444.8477631085024,6095,-1.0,667.3696179389954,0.1719692158772175,5.814994241259899,"[2.5, 1.5, 12.535533845424652, 38.50609630346298, 54.748736917972565, 22.363960921764374, 18.32842707633972, 15.435028612613678, 31.09188276529312, 1.5, 1.5, 14.399494767189026]",17.867430100838344,54.748736917972565,0,1.1451612903225807,r05c02f04p01-ch2sk1fk1fl1.tiff
27,13,6,"[30.55634918610405, 7.82842712474619, 6.0, 19.72792206135786, 8.242640687119286, 11.313708498984763, 9.0, 3.414213562373095, 2.0, 16.07106781186548, 25.798989873223338, 25.384776310850242, 12.0]",177.33809511662432,1707,-1.0,253.23758780956268,0.33449301188090863,2.9895990782493103,"[22.67766922712326, 22.67766922712326, 13.571067690849304, 7.778174459934235, 3.5, 5.121320307254791]",12.554316818714142,22.67766922712326,0,1.173913043478261,r05c02f04p01-ch2sk1fk1fl1.tiff
28,13,7,"[13.071067811865477, 20.313708498984763, 27.870057685088817, 20.07106781186548, 1.0, 11.071067811865476, 21.899494936611667, 12.485281374238573, 9.65685424949238, 25.384776310850242, 16.656854249492383, 26.142135623730955, 18.970562748477146]",224.59292911256333,2178,1.5923786865039542,336.2914100885391,0.2420116044835168,4.132033264000401,"[23.227921843528748, 22.2634556889534, 9.156854152679443, 18.363960921764374, 24.334523379802704, 17.192387998104095, 9.949747383594513]",17.78412162406104,24.334523379802704,1,1.125,r05c02f04p01-ch2sk1fk1fl1.tiff
29,27,14,"[63.526911934581165, 13.65685424949238, 14.485281374238571, 12.828427124746192, 2.414213562373095, 10.0, 15.828427124746192, 13.656854249492383, 31.55634918610405, 4.0, 20.970562748477146, 18.48528137423857, 11.485281374238571, 14.414213562373096, 15.142135623730955, 3.0, 30.313708498984763, 19.55634918610405, 14.656854249492383, 3.414213562373095, 5.414213562373095, 16.142135623730955, 15.242640687119286, 5.82842712474619, 18.656854249492383, 13.242640687119284, 11.656854249492381]",419.5756851698602,4544,-1.0,599.0437170267105,0.15912233815858623,6.284472762104395,"[10.121320307254791, 2.5, 13.020815074443817, 11.328427076339722, 16.435028612613678, 12.020815074443817, 8.156854152679443, 15.363960921764374, 28.435028612613678, 13.328427076339722, 10.328427076339722, 10.949747383594513, 10.949747383594513, 60.19848430156708]",15.938363075256348,60.19848430156708,1,1.2736842105263158,r05c02f04p01-ch2sk1fk1fl1.tiff
30,38,18,"[10.485281374238571, 7.0, 15.414213562373096, 15.142135623730955, 32.627416997969526, 31.213203435596434, 31.284271247461913, 28.97056274847715, 26.870057685088817, 14.071067811865476, 7.242640687119285, 1.0, 5.0, 7.82842712474619, 19.414213562373096, 22.656854249492383, 2.414213562373095, 7.0, 18.142135623730955, 20.65685424949238, 25.414213562373096, 36.45584412271572, 30.07106781186548, 15.071067811865476, 17.071067811865476, 13.727922061357859, 5.414213562373095, 12.313708498984763, 9.414213562373096, 30.899494936611667, 16.72792206135786, 18.313708498984763, 35.24264068711928, 1.4142135623730951, 2.0, 15.485281374238573, 17.313708498984763, 47.870057685088796]",674.6538956566621,9919,-1.0,847.6366441249847,0.17348355276838476,5.76423519141947,"[14.813708305358887, 32.59188276529312, 13.192387998104095, 9.192387998104095, 10.606601536273956, 13.949747383594513, 12.363960921764374, 32.92030984163284, 5.121320307254791, 16.91421353816986, 23.334523379802704, 25.84924215078354, 28.370057225227356, 27.88477599620819, 29.09188276529312, 12.020815074443817, 4.5, 7.363960921764374]",17.782321006059647,32.92030984163284,0,1.4488188976377954,r05c02f04p01-ch2sk1fk1fl1.tiff
31,7,4,"[8.414213562373096, 6.82842712474619, 25.970562748477146, 16.485281374238575, 5.242640687119286, 26.313708498984766, 7.242640687119286]",96.49747468305836,1082,1.3813859373975494,203.33809304237366,0.3288513523489836,3.0408876012125385,"[23.813708305358887, 1.7071067690849304, 4.121320307254791, 5.914213538169861]",8.889087229967117,23.813708305358887,0,1.0925925925925926,r05c02f04p01-ch2sk1fk1fl1.tiff
32,56,28,"[14.242640687119286, 15.485281374238573, 4.242640687119286, 8.071067811865476, 2.414213562373095, 5.242640687119286, 6.414213562373095, 4.82842712474619, 8.071067811865476, 16.414213562373096, 6.242640687119285, 2.414213562373095, 6.0, 8.414213562373096, 5.656854249492381, 10.485281374238571, 2.0, 6.82842712474619, 9.071067811865476, 4.0, 5.656854249492381, 4.242640687119286, 3.0, 8.242640687119286, 2.0, 10.414213562373096, 26.384776310850242, 11.313708498984763, 14.0, 13.727922061357859, 36.112698372208094, 18.0, 2.0, 19.82842712474619, 10.65685424949238, 6.65685424949238, 1.0, 32.87005768508882, 3.0, 26.45584412271572, 21.213203435596434, 12.0, 16.142135623730955, 16.313708498984766, 5.414213562373095, 12.414213562373096, 3.414213562373095, 17.071067811865476, 9.242640687119286, 9.0, 9.656854249492381, 12.82842712474619, 11.414213562373096, 1.4142135623730951, 2.0, 3.0]",564.6417023478425,5692,-1.0,639.9726498126984,0.1746432992206608,5.725956875886236,"[5.914213538169861, 11.863960921764374, 6.5, 13.399494767189026, 13.227921843528748, 17.67766922712326, 23.334523379802704, 0.5, 3.1213203072547913, 7.535533845424652, 15.5, 32.99137753248215, 11.5, 7.778174459934235, 4.70710676908493, 0.7071067690849304, 6.156854152679443, 3.914213538169861, 7.156854152679443, 2.1213203072547913, 3.1213203072547913, 3.5, 4.535533845424652, 1.7071067690849304, 4.949747383594513, 0.7071067690849304, 12.156854152679443, 11.535533845424652]",8.493601735149111,32.99137753248215,0,1.1612903225806452,r05c02f04p01-ch2sk1fk1fl1.tiff
33,9,5,"[23.72792206135786, 51.79898987322332, 12.313708498984763, 30.284271247461913, 60.89949493661167, 13.656854249492383, 27.071067811865476, 16.414213562373096, 17.899494936611667]",254.06601717798216,5853,-1.0,439.46298336982727,0.3808410806342124,2.6257671528888267,"[13.91421353816986, 10.742640614509583, 27.370057225227356, 8.778174459934235, 20.813708305358887]",16.323758828639985,27.370057225227356,1,1.12,r05c02f04p01-ch2sk1fk1fl1.tiff
34,7,4,"[24.72792206135786, 18.384776310850242, 17.970562748477146, 38.071067811865476, 19.142135623730955, 10.0, 48.21320343559642]",176.5096679918781,2638,1.5681605055546997,290.95331716537476,0.39159580371190705,2.553653513446966,"[16.227921843528748, 14.642135381698608, 14.849242150783539, 22.020815074443817]",16.935028612613678,22.020815074443817,1,2.7777777777777777,r05c02f04p01-ch2sk1fk1fl1.tiff
35,3,2,"[10.65685424949238, 47.89949493661166, 7.0710678118654755]",65.62741699796952,631,1.2853280269519134,139.35533821582794,0.40831186856979923,2.449108333545916,"[44.985281229019165, 7.7426406145095825]",26.363960921764374,44.985281229019165,0,2.6,r05c02f04p01-ch2sk1fk1fl1.tiff
1,19,8,"[33.87005768508881, 32.38477631085024, 31.485281374238575, 15.55634918610405, 5.414213562373095, 7.242640687119285, 6.0, 31.798989873223338, 19.899494936611667, 33.1126983722081, 9.414213562373096, 21.384776310850242, 12.82842712474619, 21.384776310850242, 6.82842712474619, 4.0, 21.55634918610405, 13.485281374238571, 6.82842712474619]",334.475180106472,4340,-1.0,391.9066342115402,0.3550866649376529,2.8162138957698755,"[10.363960921764374, 18.435028612613678, 18.2634556889534, 18.2634556889534, 29.991377532482147, 4.328427076339722, 12.020815074443817, 2.5]",14.270815074443817,29.991377532482147,1,1.175,r04c02f01p01-ch2sk1fk1fl1.tiff
2,7,3,"[16.55634918610405, 69.28427124746187, 22.48528137423857, 10.071067811865476, 13.242640687119286, 17.656854249492383, 10.242640687119286]",159.53910524340094,2180,-1.0,318.35028541088104,0.2703061149210256,3.699509351803479,"[15.156854152679443, 6.949747383594513, 19.985281229019165]",14.03062758843104,19.985281229019165,0,1.9795918367346939,r04c02f01p01-ch2sk1fk1fl1.tiff
3,11,6,"[17.72792206135786, 17.72792206135786, 23.656854249492383, 10.071067811865476, 26.384776310850242, 10.65685424949238, 15.242640687119287, 6.242640687119285, 5.0, 9.071067811865476, 3.414213562373095]",145.19595949289337,1591,1.5975473619216494,269.86500430107117,0.27452816337428343,3.6426135217195554,"[5.535533845424652, 3.1213203072547913, 7.7426406145095825, 6.535533845424652, 14.606601536273956, 15.020815074443817]",8.760407537221909,15.020815074443817,0,1.9069767441860466,r04c02f01p01-ch2sk1fk1fl1.tiff
4,14,6,"[6.82842712474619, 12.899494936611667, 15.142135623730955, 2.0, 1.4142135623730951, 11.242640687119286, 20.313708498984763, 15.414213562373096, 27.72792206135786, 28.970562748477146, 6.242640687119285, 4.0, 14.313708498984763, 12.82842712474619]",179.3380951166243,2365,-1.0,301.76449954509735,0.3263658548326103,3.0640460244007133,"[11.192387998104095, 25.435028612613678, 8.328427076339722, 11.606601536273956, 9.363960921764374, 26.14213538169861]",15.344756921132406,26.14213538169861,0,1.6666666666666667,r04c02f01p01-ch2sk1fk1fl1.tiff
5,21,11,"[23.142135623730955, 15.485281374238571, 6.414213562373095, 12.313708498984763, 26.45584412271572, 10.0, 22.72792206135786, 1.0, 25.313708498984766, 11.485281374238571, 21.384776310850242, 1.0, 7.0, 15.65685424949238, 1.0, 20.970562748477146, 28.798989873223338, 4.242640687119286, 10.071067811865476, 6.82842712474619, 12.242640687119286]",283.5340546095176,2409,-1.0,394.91882705688477,0.19410243656602683,5.151918840853063,"[3.914213538169861, 6.7426406145095825, 17.84924215078354, 0.7071067690849304, 17.84924215078354, 22.399494767189026, 20.227921843528748, 22.920309841632843, 3.914213538169861, 12.985281229019165, 19.606601536273956]",13.556024361740459,22.920309841632843,0,1.2063492063492063,r04c02f01p01-ch2sk1fk1fl1.tiff
6,15,8,"[17.071067811865476, 31.313708498984763, 15.313708498984763, 7.82842712474619, 3.0, 17.313708498984763, 1.0, 27.313708498984766, 10.0, 24.142135623730955, 25.48528137423857, 9.82842712474619, 26.07106781186548, 11.242640687119286, 22.798989873223338]",249.72287142747456,2577,1.553214479510281,426.291411280632,0.17820140220439523,5.61162812205602,"[7.70710676908493, 6.5, 7.5, 13.778174459934235, 21.020815074443817, 12.399494767189026, 28.399494767189026, 13.949747383594513]",13.906854152679443,28.399494767189026,2,1.8059701492537314,r04c02f01p01-ch2sk1fk1fl1.tiff
8,3,2,"[12.071067811865477, 26.313708498984763, 24.313708498984766]",62.69848480983501,732,1.3753070709126347,129.396968126297,0.5493798720871423,1.8202341418168675,"[23.606601536273956, 8.742640614509583]",16.17462107539177,23.606601536273956,0,1.088235294117647,r04c02f01p01-ch2sk1fk1fl1.tiff
9,13,7,"[15.82842712474619, 12.899494936611667, 13.899494936611669, 7.65685424949238, 11.0, 3.82842712474619, 9.0, 9.82842712474619, 5.82842712474619, 9.242640687119286, 4.0, 7.82842712474619, 13.071067811865477]",123.9116882454314,1021,1.4958891207983864,196.26702499389648,0.33307414911026145,3.002334473183502,"[1.5, 4.914213538169861, 6.535533845424652, 4.7426406145095825, 10.363960921764374, 9.778174459934235, 13.121320307254791]",7.279406241008213,13.121320307254791,0,1.5277777777777777,r04c02f01p01-ch2sk1fk1fl1.tiff
10,8,3,"[96.0538238691623, 57.48528137423856, 40.87005768508881, 2.0, 1.4142135623730951, 4.242640687119286, 4.82842712474619, 8.65685424949238]",215.5512985522206,3911,-1.0,445.88938987255096,0.2471971181937924,4.045354603268639,"[1.9142135381698608, 60.93502861261368, 93.5538227558136]",52.134354968865715,93.5538227558136,0,1.1869158878504673,r04c02f01p01-ch2sk1fk1fl1.tiff
11,16,7,"[21.313708498984763, 21.970562748477146, 12.485281374238571, 18.656854249492383, 8.242640687119284, 18.82842712474619, 2.0, 4.0, 14.0, 1.0, 20.142135623730955, 12.485281374238571, 2.414213562373095, 2.0, 1.4142135623730951, 7.82842712474619]",168.78174593052026,1135,1.531039460389268,267.0365765094757,0.2000157626088646,4.999605965833417,"[9.363960921764374, 17.020815074443817, 5.328427076339722, 15.949747383594513, 9.363960921764374, 19.2634556889534, 18.399494767189026]",13.52712311914989,19.2634556889534,0,1.225,r04c02f01p01-ch2sk1fk1fl1.tiff
12,6,2,"[18.071067811865476, 5.656854249492381, 6.0, 11.485281374238571, 19.242640687119287, 29.970562748477146]",90.42640687119287,799,1.3329280008447915,155.88224983215332,0.4132028542024001,2.420118810481807,"[2.1213203072547913, 14.949747383594513]",8.535533845424652,14.949747383594513,2,1.4285714285714286,r04c02f01p01-ch2sk1fk1fl1.tiff
13,5,3,"[6.242640687119285, 1.0, 7.242640687119285, 15.656854249492383, 11.242640687119286]",41.384776310850235,385,1.205118310348572,98.76955187320709,0.4959346205192935,2.0163948202545314,"[3.1213203072547913, 14.156854152679443, 3.1213203072547913]",6.799831589063008,14.156854152679443,2,1.35,r04c02f01p01-ch2sk1fk1fl1.tiff
15,9,5,"[9.414213562373096, 3.414213562373095, 6.414213562373095, 7.242640687119285, 20.071067811865476, 5.82842712474619, 25.727922061357862, 8.485281374238571, 4.82842712474619]",91.42640687119285,1152,1.5160895092172901,194.6101713180542,0.38223572322270377,2.6161866598150625,"[4.949747383594513, 2.7071067690849304, 3.914213538169861, 0.7071067690849304, 6.914213538169861]",3.838477599620819,6.914213538169861,0,1.0217391304347827,r04c02f01p01-ch2sk1fk1fl1.tiff
16,7,4,"[3.414213562373095, 6.82842712474619, 17.899494936611667, 8.071067811865476, 19.414213562373096, 15.071067811865477, 28.48528137423857]",99.18376618407356,1192,1.4988087054025319,206.2253955602646,0.35221011878930153,2.8392142833301675,"[12.156854152679443, 4.949747383594513, 4.121320307254791, 0.7071067690849304]",5.4837571531534195,12.156854152679443,1,1.8333333333333333,r04c02f01p01-ch2sk1fk1fl1.tiff
17,5,3,"[17.242640687119287, 3.82842712474619, 47.72792206135785, 14.071067811865476, 17.899494936611667]",100.76955262170046,1424,1.5099121129390833,223.78174459934235,0.3573308749487865,2.7985267160116583,"[11.156854152679443, 0.7071067690849304, 14.742640614509583]",8.868867178757986,14.742640614509583,0,2.4375,r04c02f01p01-ch2sk1fk1fl1.tiff
18,3,2,"[8.82842712474619, 6.82842712474619, 6.242640687119285]",21.899494936611664,305,1.177450417798829,70.14213538169861,0.7790256132115023,1.2836548414339544,"[4.121320307254791, 6.328427076339722]",5.2248736917972565,6.328427076339722,1,1.2352941176470589,r04c02f01p01-ch2sk1fk1fl1.tiff
19,5,3,"[20.970562748477146, 49.48528137423857, 19.142135623730955, 18.242640687119287, 15.899494936611669]",123.74011537017763,1327,1.3853788389571984,258.89444160461426,0.24879138294014017,4.019431815452397,"[15.742640614509583, 46.985281229019165, 17.64213538169861]",26.790019075075787,46.985281229019165,0,2.0238095238095237,r04c02f01p01-ch2sk1fk1fl1.tiff
20,37,19,"[23.142135623730955, 27.384776310850242, 22.142135623730955, 18.313708498984763, 5.0, 20.142135623730955, 19.656854249492383, 19.798989873223338, 9.82842712474619, 28.72792206135786, 10.82842712474619, 19.656854249492383, 16.55634918610405, 19.72792206135786, 3.82842712474619, 14.0, 17.071067811865476, 18.970562748477146, 26.89949493661167, 25.798989873223338, 16.07106781186548, 24.82842712474619, 12.65685424949238, 16.82842712474619, 4.414213562373095, 15.142135623730955, 21.142135623730955, 17.142135623730955, 4.82842712474619, 5.0, 3.0, 33.38477631085024, 33.213203435596434, 9.485281374238571, 10.82842712474619, 15.899494936611669, 6.242640687119285]",617.5828278447968,8855,-1.0,823.7787784337997,0.16397484534035867,6.098496375613735,"[12.985281229019165, 5.949747383594513, 29.67766922712326, 2.5, 2.1213203072547913, 14.020815074443817, 12.020815074443817, 13.156854152679443, 22.2634556889534, 16.05634891986847, 11.5, 16.813708305358887, 13.020815074443817, 25.399494767189026, 16.2634556889534, 17.020815074443817, 14.985281229019165, 23.84924215078354, 20.227921843528748]",15.254370589005319,29.67766922712326,0,1.4330708661417322,r04c02f01p01-ch2sk1fk1fl1.tiff
22,7,4,"[18.071067811865476, 23.798989873223338, 17.89949493661167, 4.242640687119286, 7.0, 27.384776310850242, 10.071067811865476]",108.46803743153549,1101,1.305382858149562,177.92388021945953,0.43704756057898747,2.2880804978644202,"[24.05634891986847, 15.399494767189026, 20.88477599620819, 15.571067690849304]",18.977921843528748,24.05634891986847,0,1.125,r04c02f01p01-ch2sk1fk1fl1.tiff
23,9,5,"[10.485281374238571, 13.656854249492383, 6.0, 7.82842712474619, 5.414213562373095, 7.242640687119286, 16.242640687119287, 8.071067811865476, 18.82842712474619]",93.76955262170048,864,1.3573764935920758,190.26702547073364,0.29991386875935716,3.334290621959777,"[4.535533845424652, 13.328427076339722, 4.5, 10.328427076339722, 6.949747383594513]",7.928427076339721,13.328427076339722,0,1.0476190476190477,r04c02f01p01-ch2sk1fk1fl1.tiff
24,26,12,"[31.970562748477146, 14.656854249492381, 58.89949493661166, 15.65685424949238, 8.414213562373096, 10.828427124746192, 12.656854249492383, 14.899494936611667, 8.65685424949238, 15.55634918610405, 12.0, 4.0, 22.55634918610405, 28.313708498984763, 44.14213562373094, 7.82842712474619, 30.72792206135786, 13.899494936611667, 3.82842712474619, 11.242640687119286, 10.242640687119286, 14.242640687119287, 12.071067811865477, 2.414213562373095, 1.0, 5.414213562373095]",416.1198410471445,5682,-1.0,620.1564143896103,0.18565583929527754,5.386310518407899,"[8.742640614509583, 11.535533845424652, 0.7071067690849304, 10.363960921764374, 4.914213538169861, 19.435028612613678, 12.020815074443817, 11.778174459934235, 5.914213538169861, 12.949747383594513, 11.742640614509583, 28.84924215078354]",11.579443126916885,28.84924215078354,1,1.1048387096774193,r04c02f01p01-ch2sk1fk1fl1.tiff
25,3,2,"[51.28427124746189, 20.485281374238575, 24.55634918610405]",96.32590180780451,1426,1.3736853667241111,194.9949473142624,0.4712839755811958,2.12186293575287,"[17.985281229019165, 48.78427076339722]",33.38477599620819,48.78427076339722,0,1.4222222222222223,r04c02f01p01-ch2sk1fk1fl1.tiff
26,3,2,"[13.485281374238571, 21.313708498984763, 18.65685424949238]",53.45584412271572,571,1.3610088457879366,112.76955187320709,0.5642379111079164,1.7723020384015626,"[18.192387998104095, 10.571067690849304]",14.3817278444767,18.192387998104095,0,1.1785714285714286,r04c02f01p01-ch2sk1fk1fl1.tiff
27,9,5,"[9.071067811865476, 7.414213562373095, 8.656854249492381, 8.82842712474619, 5.414213562373095, 10.485281374238571, 11.071067811865476, 3.0, 5.242640687119286]",69.18376618407358,692,1.3839592861036079,118.18376553058624,0.6225873784056722,1.606200245435122,"[6.949747383594513, 7.949747383594513, 5.328427076339722, 5.5, 6.156854152679443]",6.376955199241638,7.949747383594513,0,1.32,r04c02f01p01-ch2sk1fk1fl1.tiff
28,5,3,"[20.48528137423857, 8.65685424949238, 29.656854249492383, 8.242640687119286, 24.970562748477146]",92.01219330881977,840,1.4097830140125611,180.50966608524323,0.32395763843487285,3.0868233415679622,"[5.535533845424652, 5.121320307254791, 17.156854152679443]",9.271236101786295,17.156854152679443,0,1.325,r04c02f01p01-ch2sk1fk1fl1.tiff
29,22,10,"[3.414213562373095, 2.0, 1.4142135623730951, 27.899494936611667, 13.899494936611667, 4.242640687119286, 4.0, 9.899494936611667, 15.313708498984763, 26.82842712474619, 5.82842712474619, 25.242640687119287, 19.55634918610405, 2.0, 8.82842712474619, 20.72792206135786, 17.485281374238575, 11.0, 38.38477631085024, 14.313708498984763, 4.0, 5.242640687119285]",281.5218613006978,3119,1.5021944162932162,467.7888835668564,0.17911231394090452,5.583089057349431,"[1.5, 10.778174459934235, 14.156854152679443, 17.813708305358887, 16.020815074443817, 2.5, 6.363960921764374, 0.7071067690849304, 11.399494767189026, 30.520815074443817]",11.176092952489853,30.520815074443817,0,1.9523809523809523,r04c02f01p01-ch2sk1fk1fl1.tiff
30,13,7,"[5.242640687119286, 3.0, 21.48528137423857, 8.0, 21.142135623730955, 4.242640687119286, 13.071067811865477, 4.82842712474619, 8.0, 15.414213562373096, 11.485281374238571, 11.071067811865476, 5.242640687119285]",132.22539674441617,1423,1.4862555224128353,266.45079159736633,0.25187248933651984,3.9702629002245966,"[7.949747383594513, 7.949747383594513, 1.9142135381698608, 0.7071067690849304, 5.5, 0.5, 2.1213203072547913]",3.8060193402426585,7.949747383594513,0,1.48,r04c02f01p01-ch2sk1fk1fl1.tiff
31,5,3,"[8.82842712474619, 7.65685424949238, 21.414213562373096, 10.071067811865476, 12.485281374238571]",60.4558441227157,860,1.328838298408613,153.39696836471558,0.45927706876848434,2.1773349204684265,"[6.949747383594513, 4.328427076339722, 6.121320307254791]",5.799831589063008,6.949747383594513,0,1.88,r04c02f01p01-ch2sk1fk1fl1.tiff
32,16,7,"[14.485281374238571, 5.0, 47.62741699796951, 12.485281374238573, 11.82842712474619, 9.65685424949238, 9.071067811865476, 18.142135623730955, 8.242640687119284, 6.414213562373095, 3.414213562373095, 7.242640687119285, 9.414213562373096, 1.4142135623730951, 2.0, 4.82842712474619]",171.26702730475884,1576,1.484706386526009,298.24978053569794,0.22264134227305565,4.491528796002149,"[3.914213538169861, 0.5, 3.914213538169861, 5.121320307254791, 9.156854152679443, 2.5, 11.778174459934235]",5.269253713744027,11.778174459934235,0,1.6346153846153846,r04c02f01p01-ch2sk1fk1fl1.tiff
33,37,19,"[10.414213562373096, 25.07106781186548, 21.72792206135786, 13.485281374238571, 14.313708498984763, 11.071067811865476, 16.313708498984766, 5.242640687119286, 5.0, 5.656854249492381, 4.0, 3.414213562373095, 8.414213562373096, 19.313708498984763, 55.45584412271569, 7.65685424949238, 10.656854249492381, 13.242640687119286, 3.82842712474619, 4.414213562373095, 5.0, 6.82842712474619, 7.0710678118654755, 3.0, 5.242640687119286, 12.656854249492381, 17.899494936611667, 24.55634918610405, 51.48528137423857, 12.485281374238571, 48.89949493661166, 15.656854249492381, 41.48528137423857, 16.48528137423857, 39.242640687119284, 4.0, 19.384776310850242]",590.0731598529186,8124,-1.0,980.1635556221008,0.10626314801678305,9.410600181372958,"[1.5, 12.949747383594513, 13.156854152679443, 9.571067690849304, 21.435028612613678, 9.949747383594513, 1.9142135381698608, 3.535533845424652, 1.9142135381698608, 0.7071067690849304, 4.535533845424652, 0.7071067690849304, 2.1213203072547913, 1.7071067690849304, 8.156854152679443, 10.985281229019165, 10.363960921764374, 22.571067690849304, 7.5]",7.6464076104917025,22.571067690849304,0,1.1419753086419753,r04c02f01p01-ch2sk1fk1fl1.tiff
35,13,7,"[20.55634918610405, 11.414213562373096, 8.485281374238571, 18.970562748477146, 1.0, 19.142135623730955, 30.82842712474619, 16.899494936611667, 6.0, 13.0, 19.65685424949238, 9.242640687119284, 4.242640687119286]",179.43860018001263,2121,-1.0,309.22034204006195,0.2787497073454508,3.58744771258437,"[6.121320307254791, 16.742640614509583, 16.227921843528748, 15.435028612613678, 4.949747383594513, 8.70710676908493, 17.227921843528748]",12.20166962487357,17.227921843528748,0,1.5686274509803921,r04c02f01p01-ch2sk1fk1fl1.tiff
36,13,7,"[21.899494936611667, 12.656854249492381, 20.82842712474619, 15.142135623730955, 17.82842712474619, 41.4558441227157, 12.485281374238571, 6.414213562373095, 14.242640687119286, 3.0, 10.071067811865476, 6.82842712474619, 5.0]",187.8528137423857,2583,-1.0,310.9777022600174,0.3356415898142732,2.9793685596393122,"[6.535533845424652, 4.328427076339722, 11.535533845424652, 3.5, 11.606601536273956, 9.535533845424652, 18.778174459934235]",9.402829229831696,18.778174459934235,1,1.1111111111111112,r04c02f01p01-ch2sk1fk1fl1.tiff
38,28,12,"[33.1126983722081, 5.242640687119285, 2.0, 1.4142135623730951, 29.284271247461913, 21.485281374238575, 28.284271247461913, 7.65685424949238, 3.8284271247461903, 43.28427124746191, 3.8284271247461903, 12.65685424949238, 6.0, 19.384776310850242, 15.071067811865476, 22.62741699796953, 5.0, 6.656854249492381, 11.656854249492381, 23.213203435596434, 2.0, 11.656854249492381, 24.041630560342625, 3.82842712474619, 10.242640687119286, 4.414213562373095, 28.870057685088817, 16.142135623730955]",402.88434303496166,5562,-1.0,459.90663492679596,0.33044676033856635,3.0262060943657865,"[25.748736917972565, 0.7071067690849304, 20.506096303462982, 3.535533845424652, 2.5, 19.09188276529312, 3.5, 4.535533845424652, 24.748736917972565, 18.985281229019165, 32.69848430156708, 30.198484301567078]",15.562989766399065,32.69848430156708,0,1.0602409638554218,r04c02f01p01-ch2sk1fk1fl1.tiff
39,5,3,"[10.242640687119286, 5.414213562373095, 14.414213562373096, 17.48528137423857, 8.242640687119284]",55.79898987322333,536,1.1835521174160264,114.66904652118683,0.5122503349260231,1.952170514723852,"[14.156854152679443, 2.7071067690849304, 7.121320307254791]",7.995093743006389,14.156854152679443,0,2.388888888888889,r04c02f01p01-ch2sk1fk1fl1.tiff
1,3,1,"[7.242640687119285, 3.82842712474619, 16.48528137423857]",27.556349186104047,135,0.988609870883876,60.041630029678345,0.47058565500320293,2.1250116516900492,[0.7071067690849304],0.7071067690849304,0.7071067690849304,0,1.3571428571428572,r07c02f03p01-ch2sk1fk1fl1.tiff
2,5,1,"[8.071067811865476, 12.071067811865476, 33.24264068711929, 10.071067811865476, 7.65685424949238]",71.1126983722081,587,1.374297263355144,133.35533845424652,0.4147889262178625,2.4108647478085348,[6.949747383594513],6.949747383594513,6.949747383594513,1,1.9565217391304348,r07c02f03p01-ch2sk1fk1fl1.tiff
3,3,2,"[6.0, 9.071067811865476, 10.485281374238571]",25.556349186104047,262,1.147437784084424,66.52691113948822,0.7439032161349463,1.3442608908127063,"[5.949747383594513, 3.5]",4.7248736917972565,5.949747383594513,2,1.0555555555555556,r07c02f03p01-ch2sk1fk1fl1.tiff
5,5,3,"[7.242640687119286, 6.65685424949238, 4.414213562373095, 1.0, 7.0710678118654755]",26.384776310850235,175,1.074294016794693,57.21320307254791,0.671823804514687,1.4884855125405705,"[1.7071067690849304, 3.3284270763397217, 4.535533845424652]",3.190355896949768,4.535533845424652,2,1.0714285714285714,r07c02f03p01-ch2sk1fk1fl1.tiff
6,3,2,"[13.828427124746192, 17.899494936611667, 17.899494936611667]",49.627416997969526,667,1.2529754551302645,115.0121922492981,0.6336478048713997,1.578163756446615,"[14.985281229019165, 10.91421353816986]",12.949747383594513,14.985281229019165,2,1.1333333333333333,r07c02f03p01-ch2sk1fk1fl1.tiff
7,3,2,"[22.071067811865476, 9.65685424949238, 3.0]",34.72792206135786,479,1.2801748336991075,95.4558436870575,0.6606026878693293,1.513769196467159,"[0.5, 19.363960921764374]",9.931980460882187,19.363960921764374,1,1.6,r07c02f03p01-ch2sk1fk1fl1.tiff
9,21,11,"[18.72792206135786, 23.242640687119284, 27.384776310850246, 19.384776310850242, 13.242640687119284, 18.55634918610405, 5.656854249492381, 14.485281374238571, 9.071067811865476, 19.55634918610405, 4.82842712474619, 8.82842712474619, 26.62741699796953, 5.0, 44.11269837220809, 31.384776310850242, 16.899494936611667, 15.65685424949238, 3.0, 18.313708498984763, 21.72792206135786]",365.6883835420683,5840,-1.0,459.0020868778229,0.3483320141253669,2.870824269514584,"[15.399494767189026, 0.5, 12.949747383594513, 23.506096303462982, 5.535533845424652, 2.1213203072547913, 10.742640614509583, 16.2634556889534, 24.47056245803833, 20.742640614509583, 16.020815074443817]",13.47748245976188,24.47056245803833,0,1.2272727272727273,r07c02f03p01-ch2sk1fk1fl1.tiff
10,13,7,"[21.72792206135786, 17.313708498984763, 16.313708498984763, 17.414213562373096, 13.313708498984763, 5.82842712474619, 21.55634918610405, 11.656854249492381, 2.0, 9.414213562373096, 17.142135623730955, 4.82842712474619, 6.82842712474619]",165.3380951166243,1577,1.5594509742520075,264.7939372062683,0.282634701611127,3.5381359553501874,"[1.7071067690849304, 14.020815074443817, 8.742640614509583, 9.778174459934235, 12.778174459934235, 14.192387998104095, 19.020815074443817]",11.462873492922101,19.020815074443817,0,1.3076923076923077,r07c02f03p01-ch2sk1fk1fl1.tiff
11,17,9,"[15.485281374238571, 8.82842712474619, 10.485281374238571, 10.899494936611667, 29.414213562373096, 9.242640687119286, 5.82842712474619, 20.142135623730955, 20.48528137423857, 11.313708498984763, 57.6690475583121, 13.727922061357859, 31.656854249492383, 12.828427124746192, 32.97056274847715, 15.242640687119287, 24.07106781186548]",330.2914139223983,5516,-1.0,542.0731546878815,0.2358947749412107,4.239178253308995,"[12.742640614509583, 9.91421353816986, 10.606601536273956, 7.778174459934235, 17.571067690849304, 7.363960921764374, 7.156854152679443, 5.914213538169861, 12.363960921764374]",10.156854152679443,17.571067690849304,2,1.278688524590164,r07c02f03p01-ch2sk1fk1fl1.tiff
12,7,4,"[45.041630560342604, 5.414213562373095, 5.242640687119286, 4.414213562373095, 24.82842712474619, 8.65685424949238, 8.414213562373096]",102.01219330881975,1504,1.5324928828338682,228.9949470758438,0.36041752611857536,2.774559857755101,"[5.328427076339722, 2.1213203072547913, 2.914213538169861, 41.92030984163284]",13.071067690849304,41.92030984163284,0,1.711111111111111,r07c02f03p01-ch2sk1fk1fl1.tiff
13,19,10,"[44.04163056034261, 23.313708498984766, 32.5269119345812, 20.55634918610405, 9.485281374238571, 11.242640687119286, 22.414213562373096, 5.0, 22.72792206135786, 1.0, 101.42640687119282, 4.414213562373095, 39.21320343559643, 10.828427124746192, 56.89949493661166, 19.72792206135786, 25.142135623730955, 19.899494936611667, 6.414213562373095]",476.2741699796953,7590,-1.0,703.0853480100632,0.19294589573373436,5.1828000600748805,"[17.192387998104095, 16.399494767189026, 7.914213538169861, 36.29898953437805, 1.5, 19.70710676908493, 6.363960921764374, 28.991377532482147, 19.985281229019165, 41.12741661071777]",19.54802289009094,41.12741661071777,1,2.8625,r07c02f03p01-ch2sk1fk1fl1.tiff
15,5,3,"[26.242640687119287, 8.82842712474619, 4.0, 10.071067811865476, 12.485281374238571]",61.62741699796952,572,1.1918872320112215,123.11269760131836,0.47424220122847605,2.1086271896714424,"[6.949747383594513, 6.121320307254791, 23.742640614509583]",12.271236101786295,23.742640614509583,0,2.15,r07c02f03p01-ch2sk1fk1fl1.tiff
17,15,8,"[14.313708498984763, 72.01219330881972, 6.656854249492381, 22.72792206135786, 27.242640687119287, 25.72792206135786, 12.82842712474619, 36.071067811865476, 78.56854249492376, 36.48528137423857, 2.0, 7.414213562373095, 44.31370849898475, 15.242640687119286, 9.485281374238571]",411.09040379562157,5373,-1.0,732.3401808738708,0.1258928248704943,7.943264447586255,"[12.121320307254791, 41.606601536273956, 75.44722121953964, 10.121320307254791, 22.606601536273956, 19.606601536273956, 3.1213203072547913, 11.192387998104095]",24.477921843528748,75.44722121953964,3,1.2338709677419355,r07c02f03p01-ch2sk1fk1fl1.tiff
18,17,9,"[15.656854249492381, 22.89949493661167, 30.384776310850242, 25.970562748477146, 9.828427124746192, 14.899494936611669, 8.65685424949238, 17.313708498984763, 4.82842712474619, 10.0, 3.414213562373095, 42.14213562373095, 2.0, 13.727922061357859, 14.0, 16.899494936611667, 12.899494936611667]",265.5218613006979,2811,-1.0,417.9898946285248,0.2021804435281489,4.946076794320482,"[13.778174459934235, 11.5, 10.192387998104095, 13.985281229019165, 11.571067690849304, 6.70710676908493, 27.47056245803833, 19.571067690849304, 13.156854152679443]",14.214722494284311,27.47056245803833,1,1.3194444444444444,r07c02f03p01-ch2sk1fk1fl1.tiff
19,13,7,"[19.72792206135786, 15.82842712474619, 19.313708498984763, 19.970562748477146, 5.242640687119285, 1.0, 9.242640687119284, 4.0, 17.72792206135786, 25.55634918610405, 15.727922061357859, 1.0, 11.242640687119286]",165.58073580374358,1412,1.5332679876451651,209.43859839439392,0.40451172563149757,2.4721162246628685,"[12.606601536273956, 13.192387998104095, 22.020815074443817, 16.84924215078354, 16.399494767189026, 13.121320307254791, 16.606601536273956]",15.828066195760455,22.020815074443817,0,1.2307692307692308,r07c02f03p01-ch2sk1fk1fl1.tiff
20,3,2,"[11.071067811865476, 7.242640687119285, 10.899494936611667]",29.213203435596427,463,1.2219269113932612,89.94112479686737,0.7192406519084901,1.3903552272059718,"[4.328427076339722, 8.571067690849304]",6.449747383594513,8.571067690849304,1,1.0416666666666667,r07c02f03p01-ch2sk1fk1fl1.tiff
21,3,2,"[46.11269837220809, 3.8284271247461903, 59.66904755831211]",109.61017305526639,1221,1.492897422381757,243.42135405540466,0.2589453879008195,3.861818154424967,"[0.7071067690849304, 43.40559107065201]",22.05634891986847,43.40559107065201,3,1.2058823529411764,r07c02f03p01-ch2sk1fk1fl1.tiff
22,21,11,"[24.142135623730955, 5.414213562373095, 4.82842712474619, 6.242640687119285, 15.242640687119287, 20.65685424949238, 9.0, 17.313708498984763, 39.556349186104036, 10.0, 7.82842712474619, 27.72792206135786, 17.142135623730955, 15.313708498984765, 7.414213562373095, 69.31370849898475, 15.071067811865477, 40.941125496954285, 9.242640687119286, 11.828427124746192, 13.242640687119286]",387.4629867976521,5470,-1.0,668.156415104866,0.15397170017304596,6.494699992765674,"[8.5, 38.0269113779068, 11.985281229019165, 14.020815074443817, 5.121320307254791, 7.5, 13.778174459934235, 17.12132030725479, 1.9142135381698608, 2.7071067690849304, 21.227921843528748]",12.900278627872467,38.0269113779068,1,1.3877551020408163,r07c02f03p01-ch2sk1fk1fl1.tiff
24,5,3,"[4.0, 3.414213562373095, 2.0, 4.414213562373095, 8.65685424949238]",22.48528137423857,201,1.1046278979977968,58.041630148887634,0.7497676851975011,1.3337464653955893,"[1.9142135381698608, 0.7071067690849304, 1.5]",1.3737734357515972,1.9142135381698608,1,1.0625,r07c02f03p01-ch2sk1fk1fl1.tiff
26,5,3,"[15.313708498984763, 10.485281374238571, 5.414213562373095, 24.970562748477146, 11.485281374238571]",67.66904755831214,659,1.195188786618713,125.01219260692596,0.5298958689969895,1.88716323056612,"[22.05634891986847, 7.363960921764374, 12.399494767189026]",13.93993486960729,22.05634891986847,1,1.032258064516129,r07c02f03p01-ch2sk1fk1fl1.tiff
27,5,3,"[34.627416997969526, 11.485281374238571, 5.414213562373095, 6.242640687119285, 6.82842712474619]",64.59797974644667,642,1.1685673576013955,126.32590091228485,0.5055453077060786,1.9780620742728656,"[3.1213203072547913, 7.949747383594513, 31.506096303462982]",14.192387998104095,31.506096303462982,0,1.1515151515151516,r07c02f03p01-ch2sk1fk1fl1.tiff
28,19,10,"[8.071067811865476, 12.485281374238571, 7.0, 73.15432893255065, 11.899494936611667, 1.0, 22.07106781186548, 5.82842712474619, 19.0, 29.213203435596434, 20.72792206135786, 3.414213562373095, 8.0, 65.69848480983498, 37.45584412271572, 31.798989873223338, 12.485281374238571, 7.242640687119285, 16.899494936611667]",393.4457428549489,5352,-1.0,656.7838313579559,0.15591254587498893,6.413852037294051,"[4.121320307254791, 8.949747383594513, 62.162950456142426, 17.192387998104095, 16.5, 2.914213538169861, 8.571067690849304, 4.5, 9.363960921764374, 4.535533845424652]",13.881118214130401,62.162950456142426,1,1.0521739130434782,r07c02f03p01-ch2sk1fk1fl1.tiff
29,9,5,"[20.384776310850242, 17.899494936611667, 12.071067811865477, 2.0, 12.899494936611667, 5.414213562373095, 27.82842712474619, 10.485281374238571, 21.970562748477146]",130.95331880577405,1271,1.5535046242243824,209.82337427139282,0.3627836290429943,2.756463963486863,"[7.363960921764374, 9.363960921764374, 8.535533845424652, 14.571067690849304, 16.84924215078354]",11.336753106117248,16.84924215078354,0,1.4871794871794872,r07c02f03p01-ch2sk1fk1fl1.tiff
30,5,3,"[22.142135623730955, 22.72792206135786, 2.0, 9.242640687119286, 14.828427124746192]",70.94112549695429,612,1.3636793736532011,131.63960886001587,0.44380083984534796,2.253262973428513,"[6.7426406145095825, 19.606601536273956, 19.020815074443817]",15.123352408409119,19.606601536273956,0,1.4230769230769231,r07c02f03p01-ch2sk1fk1fl1.tiff
31,31,16,"[14.313708498984763, 11.899494936611667, 18.72792206135786, 4.242640687119286, 8.242640687119286, 6.0, 23.798989873223338, 8.414213562373096, 14.899494936611669, 13.899494936611667, 6.414213562373095, 27.07106781186548, 10.0, 67.8406204335659, 16.142135623730955, 9.899494936611667, 11.414213562373096, 7.242640687119285, 36.65685424949238, 10.414213562373096, 3.0, 7.65685424949238, 42.656854249492376, 4.0, 8.242640687119284, 3.82842712474619, 20.48528137423857, 6.242640687119285, 19.899494936611667, 15.656854249492383, 27.899494936611667]",487.1025971044414,5201,-1.0,810.0386643409729,0.09960593579612477,10.039562321334124,"[13.156854152679443, 2.914213538169861, 0.7071067690849304, 1.5, 4.535533845424652, 0.5, 4.121320307254791, 8.70710676908493, 6.363960921764374, 24.363960921764374, 11.571067690849304, 5.121320307254791, 0.7071067690849304, 15.192387998104095, 8.363960921764374, 10.778174459934235]",7.412754710763693,24.363960921764374,1,1.8173076923076923,r07c02f03p01-ch2sk1fk1fl1.tiff
33,5,3,"[23.55634918610405, 25.72792206135786, 14.414213562373096, 9.071067811865476, 9.071067811865476]",81.84062043356596,645,1.3707942841154002,145.05382215976715,0.3852221269512707,2.5959048819812383,"[5.949747383594513, 23.227921843528748, 20.227921843528748]",16.468530356884003,23.227921843528748,1,1.3666666666666667,r07c02f03p01-ch2sk1fk1fl1.tiff
34,3,2,"[52.455844122715696, 8.242640687119284, 13.485281374238571]",74.18376618407355,1127,1.4616540234032773,187.43859803676605,0.4031027171395121,2.480757279673469,"[5.121320307254791, 49.748736917972565]",27.435028612613678,49.748736917972565,1,1.5609756097560976,r07c02f03p01-ch2sk1fk1fl1.tiff
35,31,16,"[12.414213562373096, 19.313708498984763, 23.313708498984763, 9.242640687119284, 19.313708498984763, 31.213203435596434, 9.485281374238571, 9.65685424949238, 18.82842712474619, 20.313708498984763, 11.899494936611667, 7.414213562373095, 9.899494936611667, 6.0, 10.485281374238571, 6.414213562373095, 25.242640687119284, 1.4142135623730951, 13.0, 10.82842712474619, 12.899494936611667, 10.828427124746192, 23.414213562373096, 25.384776310850242, 3.82842712474619, 10.899494936611667, 16.414213562373096, 25.313708498984763, 31.970562748477146, 10.828427124746192, 6.414213562373095]",453.88939366884523,5610,-1.0,725.8965291976929,0.13378988657020496,7.474406516334548,"[8.121320307254791, 22.192387998104095, 7.778174459934235, 0.7071067690849304, 9.363960921764374, 7.363960921764374, 3.5, 6.363960921764374, 4.914213538169861, 8.778174459934235, 17.192387998104095, 6.7426406145095825, 5.949747383594513, 15.778174459934235, 16.399494767189026, 9.91421353816986]",9.441244941204786,22.192387998104095,2,1.2116788321167884,r07c02f03p01-ch2sk1fk1fl1.tiff
36,3,2,"[13.071067811865476, 9.071067811865476, 13.727922061357859]",35.87005768508881,509,1.1980810751346123,92.62741649150848,0.7455015385577626,1.3413788547433272,"[6.363960921764374, 10.571067690849304]",8.467514306306839,10.571067690849304,1,1.0416666666666667,r07c02f03p01-ch2sk1fk1fl1.tiff
37,3,2,"[38.627416997969526, 6.65685424949238, 3.0]",48.2842712474619,524,1.3398609127003858,115.9827550649643,0.4895018183285936,2.042893330640742,"[3.3284270763397217, 35.50609630346298]",19.417261689901352,35.50609630346298,0,1.15625,r07c02f03p01-ch2sk1fk1fl1.tiff
38,3,2,"[10.414213562373096, 6.242640687119285, 5.656854249492381]",22.31370849898476,279,1.1063166447009574,68.14213538169861,0.7550619568873657,1.3243946286505497,"[3.1213203072547913, 7.914213538169861]",5.517766922712326,7.914213538169861,3,1.3125,r07c02f03p01-ch2sk1fk1fl1.tiff
40,11,6,"[6.414213562373095, 13.656854249492381, 57.48528137423857, 7.0, 18.242640687119287, 18.313708498984763, 2.0, 19.313708498984763, 2.414213562373095, 13.071067811865476, 14.828427124746192]",172.74011537017762,1580,1.5044740806473627,304.65180146694183,0.21392397013435857,4.674557972030591,"[9.949747383594513, 16.192387998104095, 15.399494767189026, 4.5, 10.742640614509583, 3.5]",10.047378460566202,16.192387998104095,0,3.5517241379310347,r07c02f03p01-ch2sk1fk1fl1.tiff
42,8,3,"[8.65685424949238, 1.4142135623730951, 2.0, 48.72792206135785, 16.899494936611667, 3.0, 72.42640687119281, 12.313708498984763]",165.43860018001257,2335,-1.0,333.07820773124695,0.2644869879360899,3.7809043378785727,"[69.51219260692596, 14.399494767189026, 56.59188276529312]",46.834523379802704,69.51219260692596,1,2.0338983050847457,r07c02f03p01-ch2sk1fk1fl1.tiff
44,5,3,"[24.970562748477146, 16.899494936611667, 11.828427124746192, 20.313708498984766, 33.97056274847714]",107.98275605729691,1575,1.534559618413927,191.88224971294403,0.5375524168216862,1.8602837020295906,"[17.399494767189026, 13.363960921764374, 22.05634891986847]",17.606601536273956,22.05634891986847,0,1.4634146341463414,r07c02f03p01-ch2sk1fk1fl1.tiff
45,17,9,"[25.213203435596434, 27.727922061357862, 12.313708498984763, 34.627416997969526, 6.0, 10.0, 41.89949493661166, 39.35533905932738, 5.656854249492381, 19.55634918610405, 10.485281374238571, 23.798989873223338, 16.82842712474619, 19.72792206135786, 42.97056274847714, 22.213203435596434, 16.970562748477146]",375.3452377915608,7656,-1.0,502.47517573833466,0.381050527593707,2.6243238824911024,"[18.67766922712326, 20.67766922712326, 7.156854152679443, 2.1213203072547913, 36.44112491607666, 7.5, 3.5, 31.713203072547913, 22.506096303462982]",16.699326356252033,36.44112491607666,0,1.1047619047619048,r07c02f03p01-ch2sk1fk1fl1.tiff
1,7,4,"[13.899494936611669, 9.65685424949238, 8.414213562373096, 15.485281374238571, 3.414213562373095, 31.48528137423857, 13.727922061357859]",96.08326112068524,939,1.480589677379295,165.982754945755,0.4283014246807264,2.3348042812265715,"[28.985281229019165, 12.778174459934235, 6.535533845424652, 10.571067690849304]",14.717514306306839,28.985281229019165,1,1.5806451612903225,r06c02f05p01-ch2sk1fk1fl1.tiff
2,19,10,"[9.82842712474619, 31.798989873223338, 4.242640687119286, 8.65685424949238, 13.828427124746192, 25.142135623730955, 17.72792206135786, 33.55634918610405, 13.82842712474619, 6.82842712474619, 17.07106781186548, 7.242640687119286, 5.0, 7.242640687119285, 24.656854249492383, 9.242640687119286, 15.899494936611667, 7.0710678118654755, 15.071067811865476]",273.9360748630709,3154,-1.0,501.24472761154175,0.15775092629235737,6.339106992923232,"[3.535533845424652, 5.914213538169861, 2.5, 3.7071067690849304, 4.328427076339722, 10.5, 21.606601536273956, 5.328427076339722, 0.7071067690849304, 7.328427076339722]",6.545584368705749,21.606601536273956,1,1.925,r06c02f05p01-ch2sk1fk1fl1.tiff
3,9,5,"[14.071067811865476, 9.0, 19.242640687119287, 15.313708498984763, 3.8284271247461903, 14.242640687119286, 4.0, 15.485281374238573, 8.414213562373096]",103.59797974644667,990,1.3654237410368626,189.6812391281128,0.3457771595925229,2.8920360187423553,"[12.156854152679443, 0.7071067690849304, 12.192387998104095, 6.5, 10.949747383594513]",8.501219260692597,12.192387998104095,0,2.103448275862069,r06c02f05p01-ch2sk1fk1fl1.tiff
6,3,2,"[10.242640687119286, 7.242640687119285, 7.242640687119285]",24.727922061357855,290,1.148501316087219,71.11269783973694,0.7206320143304674,1.3876707946830407,"[4.121320307254791, 7.535533845424652]",5.828427076339722,7.535533845424652,0,1.2777777777777777,r06c02f05p01-ch2sk1fk1fl1.tiff
7,3,1,"[23.071067811865476, 19.313708498984763, 12.899494936611667]",55.28427124746191,489,1.343074509548028,130.42640602588654,0.3612332086298709,2.7682947639086706,[15.778174459934235],15.778174459934235,15.778174459934235,0,1.64,r06c02f05p01-ch2sk1fk1fl1.tiff
9,7,4,"[17.313708498984763, 16.142135623730955, 18.89949493661167, 13.65685424949238, 5.0, 18.313708498984763, 15.313708498984763]",104.63961030678931,1055,1.4815431156170564,178.36753106117249,0.41670692887271427,2.39976811210033,"[15.192387998104095, 10.535533845424652, 12.813708305358887, 14.192387998104095]",13.183504536747932,15.192387998104095,2,1.0731707317073171,r06c02f05p01-ch2sk1fk1fl1.tiff
10,7,4,"[4.82842712474619, 4.242640687119286, 2.0, 2.0, 14.313708498984763, 14.899494936611667, 7.0]",49.2842712474619,626,1.2983681172602,107.8406194448471,0.6764246873673868,1.478361181481937,"[10.985281229019165, 12.192387998104095, 0.7071067690849304, 1.9142135381698608]",6.449747383594513,12.192387998104095,1,1.1538461538461537,r06c02f05p01-ch2sk1fk1fl1.tiff
11,7,4,"[7.242640687119285, 11.899494936611667, 6.656854249492381, 31.07106781186548, 6.82842712474619, 6.0, 10.071067811865476]",79.76955262170048,720,1.3608819249847317,144.0832600593567,0.43582818007297486,2.294482196705501,"[3.5, 3.1213203072547913, 8.363960921764374, 4.121320307254791]",4.776650384068489,8.363960921764374,0,2.227272727272727,r06c02f05p01-ch2sk1fk1fl1.tiff
12,7,4,"[16.313708498984763, 24.72792206135786, 1.0, 11.414213562373096, 3.0, 12.899494936611667, 8.071067811865476]",77.42640687119285,779,1.239056676708547,125.49747359752655,0.6215518386968066,1.6088762637991336,"[9.778174459934235, 8.91421353816986, 22.020815074443817, 12.778174459934235]",13.372844383120537,22.020815074443817,0,1.1666666666666667,r06c02f05p01-ch2sk1fk1fl1.tiff
13,3,2,"[5.82842712474619, 11.242640687119287, 10.656854249492381]",27.72792206135786,305,1.1260050614336161,72.04163014888763,0.7384866360129964,1.3541206451600585,"[8.742640614509583, 2.7071067690849304]",5.7248736917972565,8.742640614509583,1,1.0,r06c02f05p01-ch2sk1fk1fl1.tiff
14,17,9,"[8.242640687119284, 3.82842712474619, 32.97056274847715, 9.071067811865476, 17.899494936611667, 10.485281374238571, 47.0416305603426, 13.656854249492381, 5.82842712474619, 34.627416997969526, 36.65685424949238, 11.0, 9.414213562373096, 16.07106781186548, 7.0, 7.82842712474619, 8.65685424949238]",280.27922061357856,2542,-1.0,507.73000967502594,0.12391381940107003,8.07012490482046,"[5.535533845424652, 13.571067690849304, 8.5, 2.5, 43.541630148887634, 7.363960921764374, 5.7426406145095825, 0.7071067690849304, 5.328427076339722]",10.310040785206688,43.541630148887634,2,1.5232558139534884,r06c02f05p01-ch2sk1fk1fl1.tiff
15,9,5,"[22.142135623730955, 22.970562748477146, 10.828427124746192, 23.82842712474619, 5.0, 21.798989873223338, 15.899494936611667, 11.485281374238571, 5.0]",138.95331880577407,1961,-1.0,231.722869515419,0.4589333959877658,2.1789654201296305,"[8.363960921764374, 18.67766922712326, 21.32842707633972, 19.84924215078354, 19.227921843528748]",17.48944424390793,21.32842707633972,0,1.2653061224489797,r06c02f05p01-ch2sk1fk1fl1.tiff
17,5,3,"[13.071067811865477, 26.72792206135786, 14.071067811865476, 6.82842712474619, 8.414213562373096]",69.1126983722081,786,1.4020636395710149,141.98275482654572,0.48996066270841065,2.0409801768006997,"[11.363960921764374, 24.020815074443817, 10.156854152679443]",15.180543382962545,24.020815074443817,0,1.6666666666666667,r06c02f05p01-ch2sk1fk1fl1.tiff
18,19,9,"[4.82842712474619, 3.414213562373095, 57.18376618407355, 47.79898987322332, 6.414213562373095, 21.798989873223338, 8.242640687119284, 2.0, 14.899494936611669, 13.414213562373096, 13.899494936611667, 2.414213562373095, 1.0, 17.72792206135786, 13.242640687119287, 14.414213562373096, 14.485281374238571, 6.65685424949238, 6.656854249492381]",270.49242404917493,3378,-1.0,414.8183215856552,0.2466911953483912,4.053650956564314,"[3.1213203072547913, 42.00609630346298, 10.363960921764374, 11.571067690849304, 5.328427076339722, 18.88477599620819, 3.7071067690849304, 0.5, 1.7071067690849304]",10.798873537116581,42.00609630346298,0,1.0206185567010309,r06c02f05p01-ch2sk1fk1fl1.tiff
21,14,6,"[23.72792206135786, 21.72792206135786, 26.414213562373096, 120.52691193458114, 6.656854249492381, 9.485281374238571, 21.242640687119284, 35.48528137423857, 13.656854249492381, 2.0, 1.4142135623730951, 2.0, 3.8284271247461903, 21.72792206135786]",309.8944443027283,4176,-1.0,565.7888849973679,0.16393116722467574,6.100121269980654,"[4.621320307254791, 10.535533845424652, 32.985281229019165, 6.363960921764374, 18.606601536273956, 20.399494767189026]",15.585365434487661,32.985281229019165,3,2.8208955223880596,r06c02f05p01-ch2sk1fk1fl1.tiff
22,6,2,"[15.899494936611667, 29.55634918610405, 9.071067811865476, 2.0, 1.4142135623730951, 3.0]",60.941125496954285,977,1.3811405742954181,150.46803629398346,0.5422704279616191,1.8440983473116446,"[31.55634891986847, 12.778174459934235]",22.167261689901352,31.55634891986847,1,1.125,r06c02f05p01-ch2sk1fk1fl1.tiff
23,25,13,"[9.65685424949238, 5.414213562373095, 32.071067811865476, 19.55634918610405, 12.82842712474619, 7.82842712474619, 15.071067811865477, 14.727922061357859, 12.828427124746192, 8.071067811865476, 26.798989873223338, 6.242640687119285, 3.0, 7.0, 9.485281374238571, 6.82842712474619, 15.899494936611667, 14.899494936611667, 22.0, 9.828427124746192, 13.071067811865477, 12.313708498984763, 12.0, 3.82842712474619, 14.485281374238571]",315.7350647362943,3424,1.5637859242852994,511.3036036491394,0.16458335563721455,6.075948543692752,"[0.7071067690849304, 9.192387998104095, 7.328427076339722, 12.571067690849304, 3.5, 6.363960921764374, 4.5, 4.535533845424652, 11.606601536273956, 10.121320307254791, 16.64213538169861, 2.7071067690849304, 6.949747383594513]",7.440415052267221,16.64213538169861,2,2.234375,r06c02f05p01-ch2sk1fk1fl1.tiff
24,26,12,"[3.0, 7.414213562373095, 20.414213562373096, 14.727922061357859, 76.28427124746186, 7.65685424949238, 6.82842712474619, 10.242640687119286, 3.414213562373095, 10.485281374238571, 12.313708498984763, 13.899494936611669, 14.242640687119287, 6.656854249492381, 5.0, 25.55634918610405, 11.414213562373096, 26.798989873223338, 6.414213562373095, 3.0, 15.485281374238571, 6.414213562373095, 15.727922061357859, 1.4142135623730951, 2.0, 5.414213562373095]",332.2203461105329,3586,-1.0,478.4163010120392,0.19688299690619557,5.079158767968407,"[19.071067690849304, 3.914213538169861, 23.67766922712326, 22.435028612613678, 11.742640614509583, 9.192387998104095, 0.7071067690849304, 4.328427076339722, 73.78427076339722, 11.813708305358887, 4.914213538169861, 0.5]",15.5067278444767,73.78427076339722,1,1.2307692307692308,r06c02f05p01-ch2sk1fk1fl1.tiff
25,17,9,"[10.65685424949238, 10.414213562373096, 14.142135623730955, 3.414213562373095, 7.242640687119285, 15.55634918610405, 4.0, 4.414213562373095, 13.899494936611667, 17.071067811865476, 2.0, 8.65685424949238, 18.55634918610405, 7.242640687119285, 7.414213562373095, 16.656854249492383, 10.899494936611667]",172.23759005323595,1874,1.4510402366728734,223.4385985136032,0.4716969338930125,2.1200053003244963,"[7.778174459934235, 4.328427076339722, 15.020815074443817, 10.363960921764374, 12.020815074443817, 0.7071067690849304, 10.606601536273956, 7.5, 7.949747383594513]",8.475072032875484,15.020815074443817,0,1.037037037037037,r06c02f05p01-ch2sk1fk1fl1.tiff
26,5,3,"[9.071067811865476, 76.18376618407352, 4.0, 9.242640687119286, 9.485281374238571]",107.98275605729685,1922,1.4327827817187275,245.13708221912384,0.40192518680063777,2.4880252167327304,"[6.328427076339722, 5.949747383594513, 73.26955199241638]",28.515908817450207,73.26955199241638,1,2.0476190476190474,r06c02f05p01-ch2sk1fk1fl1.tiff
28,5,3,"[16.313708498984763, 17.313708498984763, 19.142135623730955, 6.0, 10.485281374238571]",69.25483399593905,691,1.2969585206654317,126.66904640197754,0.5411864435983386,1.8477920351275223,"[16.020815074443817, 13.778174459934235, 13.399494767189026]",14.399494767189026,16.020815074443817,1,1.1612903225806452,r06c02f05p01-ch2sk1fk1fl1.tiff
29,3,2,"[6.656854249492381, 12.656854249492381, 4.0]",23.313708498984763,269,1.15030681342497,70.87005722522736,0.6730333381025903,1.4858104991042367,"[10.156854152679443, 3.535533845424652]",6.846193999052048,10.156854152679443,2,1.1666666666666667,r06c02f05p01-ch2sk1fk1fl1.tiff
30,21,11,"[14.313708498984763, 15.142135623730955, 15.142135623730955, 9.414213562373096, 9.414213562373096, 4.0, 8.65685424949238, 5.0, 12.0, 7.82842712474619, 12.414213562373096, 10.0, 5.242640687119286, 3.0, 13.65685424949238, 8.242640687119286, 3.0, 18.970562748477146, 12.242640687119287, 42.48528137423857, 6.242640687119286]",236.40916292848974,2352,-1.0,327.8650047779083,0.2749521078525819,3.6369970312653837,"[39.985281229019165, 15.435028612613678, 10.121320307254791, 7.5, 9.5, 5.7426406145095825, 6.5, 6.914213538169861, 12.020815074443817, 12.020815074443817, 11.192387998104095]",12.448409313505346,39.985281229019165,1,2.763157894736842,r06c02f05p01-ch2sk1fk1fl1.tiff
32,33,17,"[26.62741699796953, 15.071067811865479, 11.656854249492381, 9.0, 11.313708498984763, 12.0, 15.142135623730955, 10.0, 15.899494936611669, 7.65685424949238, 6.242640687119285, 6.414213562373095, 6.82842712474619, 20.384776310850242, 5.414213562373095, 3.414213562373095, 16.414213562373096, 8.0, 22.384776310850242, 19.970562748477146, 17.899494936611667, 4.82842712474619, 10.414213562373096, 7.82842712474619, 3.414213562373095, 6.0, 5.0, 18.55634918610405, 4.0, 6.414213562373095, 15.313708498984763, 8.071067811865476, 8.0]",365.5756851698604,3489,-1.0,398.4335460662842,0.27618433379601004,3.6207701800298375,"[4.949747383594513, 12.192387998104095, 3.914213538169861, 15.020815074443817, 16.84924215078354, 18.84924215078354, 4.914213538169861, 15.399494767189026, 17.2634556889534, 7.5, 12.020815074443817, 9.5, 7.778174459934235, 6.5, 8.535533845424652, 11.742640614509583, 23.920309841632843]",11.579428595655104,23.920309841632843,1,2.466666666666667,r06c02f05p01-ch2sk1fk1fl1.tiff
33,15,8,"[7.414213562373095, 6.82842712474619, 23.55634918610405, 13.485281374238571, 5.242640687119286, 10.071067811865476, 2.0, 4.82842712474619, 25.798989873223338, 21.55634918610405, 8.414213562373096, 15.485281374238571, 20.55634918610405, 20.970562748477146, 9.242640687119284]",195.4507934888324,2113,1.5458323260186222,316.2914105653763,0.2654205623249644,3.7676056114132646,"[17.84924215078354, 17.435028612613678, 18.020815074443817, 1.9142135381698608, 1.7071067690849304, 6.7426406145095825, 4.121320307254791, 4.914213538169861]",9.088072575628757,18.020815074443817,1,1.2318840579710144,r06c02f05p01-ch2sk1fk1fl1.tiff
34,3,2,"[7.82842712474619, 4.82842712474619, 38.071067811865476]",50.72792206135786,623,1.2706229554764479,134.9116871356964,0.43012903915039435,2.324883718558585,"[1.7071067690849304, 4.914213538169861]",3.3106601536273956,4.914213538169861,0,2.888888888888889,r06c02f05p01-ch2sk1fk1fl1.tiff
35,9,5,"[5.82842712474619, 13.242640687119287, 8.242640687119286, 15.828427124746192, 35.89949493661166, 24.384776310850242, 32.485281374238575, 11.414213562373096, 33.72792206135785]",181.0538238691624,2429,-1.0,342.7350616455078,0.259848556837384,3.8483954352912213,"[8.91421353816986, 21.47056245803833, 13.328427076339722, 10.742640614509583, 3.1213203072547913]",11.515432798862458,21.47056245803833,1,2.375,r06c02f05p01-ch2sk1fk1fl1.tiff
36,23,12,"[11.899494936611667, 13.899494936611669, 23.82842712474619, 9.414213562373096, 10.071067811865476, 23.071067811865476, 8.485281374238571, 8.65685424949238, 21.899494936611667, 9.0, 14.313708498984763, 2.414213562373095, 17.82842712474619, 34.55634918610404, 8.071067811865476, 14.485281374238573, 14.0, 8.65685424949238, 19.55634918610405, 8.82842712474619, 2.0, 8.82842712474619, 8.65685424949238]",302.42135623730957,3399,-1.0,455.0609623193741,0.2062632549257588,4.848173274294222,"[5.70710676908493, 6.328427076339722, 16.020815074443817, 11.571067690849304, 4.535533845424652, 10.985281229019165, 6.5, 4.949747383594513, 7.363960921764374, 6.914213538169861, 10.778174459934235, 8.363960921764374]",8.33485740919908,16.020815074443817,1,1.0970873786407767,r06c02f05p01-ch2sk1fk1fl1.tiff
37,3,2,"[13.071067811865476, 9.656854249492381, 5.82842712474619]",28.55634918610405,493,1.279286780763906,89.35533833503723,0.7759179093618948,1.2887961315680774,"[6.949747383594513, 10.363960921764374]",8.656854152679443,10.363960921764374,0,1.04,r06c02f05p01-ch2sk1fk1fl1.tiff
38,170,83,"[8.242640687119286, 4.82842712474619, 4.0, 21.384776310850242, 3.0, 6.82842712474619, 9.414213562373096, 8.485281374238571, 7.414213562373095, 8.071067811865476, 26.45584412271572, 11.242640687119286, 30.142135623730955, 16.55634918610405, 12.242640687119286, 20.798989873223338, 26.870057685088817, 13.656854249492381, 4.414213562373095, 29.69848480983501, 1.0, 8.65685424949238, 28.45584412271572, 29.69848480983501, 4.0, 29.69848480983501, 33.698484809835, 3.8284271247461903, 31.45584412271572, 5.82842712474619, 29.284271247461913, 4.0, 4.0, 28.284271247461913, 27.45584412271572, 1.0, 6.414213562373095, 32.69848480983501, 4.82842712474619, 4.414213562373095, 33.1126983722081, 9.82842712474619, 10.242640687119286, 15.727922061357859, 7.414213562373095, 2.0, 14.0, 1.4142135623730951, 7.0, 2.8284271247461903, 2.414213562373095, 3.414213562373095, 10.899494936611667, 3.0, 32.1126983722081, 9.414213562373096, 14.0, 18.72792206135786, 28.041630560342625, 20.798989873223338, 35.485281374238575, 9.65685424949238, 9.899494936611667, 7.0, 8.071067811865476, 2.0, 31.970562748477146, 7.0710678118654755, 29.384776310850242, 5.414213562373095, 13.82842712474619, 14.313708498984763, 4.82842712474619, 13.727922061357859, 13.0, 7.0, 5.414213562373095, 4.82842712474619, 14.414213562373096, 1.0, 13.828427124746192, 5.414213562373095, 8.82842712474619, 32.31370849898477, 9.071067811865476, 6.0, 22.970562748477146, 10.0, 24.656854249492383, 30.45584412271572, 11.313708498984763, 7.242640687119285, 8.65685424949238, 11.313708498984763, 12.485281374238571, 13.313708498984763, 5.0, 8.071067811865476, 18.55634918610405, 15.485281374238573, 25.041630560342625, 19.384776310850242, 11.0, 4.242640687119286, 12.414213562373096, 21.899494936611667, 42.72792206135786, 18.384776310850242, 2.0, 3.0, 1.4142135623730951, 14.82842712474619, 9.071067811865476, 13.414213562373096, 13.0, 10.0, 6.0, 9.65685424949238, 27.313708498984763, 6.0, 12.0, 16.55634918610405, 9.0, 20.313708498984763, 10.414213562373096, 9.656854249492381, 10.828427124746192, 17.82842712474619, 7.82842712474619, 51.48528137423857, 43.24264068711929, 27.970562748477146, 18.414213562373096, 7.0, 12.313708498984763, 13.828427124746192, 1.0, 19.48528137423857, 7.65685424949238, 11.414213562373096, 11.82842712474619, 4.0, 12.485281374238571, 1.0, 30.870057685088817, 6.0, 14.313708498984763, 26.071067811865476, 15.142135623730955, 37.65685424949238, 10.899494936611667, 24.899494936611667, 40.31370849898475, 21.899494936611667, 17.414213562373096, 20.384776310850242, 15.828427124746192, 123.01219330881972, 23.071067811865476, 15.55634918610405, 12.727922061357859, 3.414213562373095, 9.242640687119286, 8.414213562373096, 8.82842712474619, 5.242640687119285, 27.142135623730955, 12.899494936611667, 14.485281374238571, 8.485281374238571]",2534.6866504385143,33698,-1.0,2614.532294988632,0.061947811571092304,16.142620290183842,"[9.363960921764374, 23.64213538169861, 11.571067690849304, 2.1213203072547913, 6.121320307254791, 9.192387998104095, 12.020815074443817, 13.328427076339722, 17.2634556889534, 14.91421353816986, 19.192387998104095, 11.192387998104095, 8.70710676908493, 8.778174459934235, 4.535533845424652, 16.363960921764374, 24.84924215078354, 7.70710676908493, 6.5, 13.227921843528748, 9.5, 3.5, 7.5, 10.5, 10.70710676908493, 17.035533845424652, 14.849242150783539, 8.5, 16.05634891986847, 21.506096303462982, 15.227921843528748, 2.5, 10.399494767189026, 7.778174459934235, 9.571067690849304, 4.328427076339722, 7.778174459934235, 27.541630148887634, 7.5, 5.949747383594513, 1.5, 6.121320307254791, 11.91421353816986, 10.5, 10.399494767189026, 1.7071067690849304, 12.328427076339722, 2.5, 26.05634891986847, 3.535533845424652, 4.949747383594513, 4.5, 6.363960921764374, 6.949747383594513, 15.606601536273956, 11.5, 84.82590091228485, 28.577163994312286, 15.621320307254791, 29.577163994312286, 7.7426406145095825, 1.9142135381698608, 29.577163994312286, 24.334523379802704, 24.748736917972565, 25.748736917972565, 27.920309841632843, 30.370057225227356, 26.162950456142426, 23.920309841632843, 26.162950456142426, 26.162950456142426, 17.2634556889534, 23.334523379802704, 27.020815074443817, 24.334523379802704, 4.949747383594513, 6.914213538169861, 0.5, 17.84924215078354, 1.5, 2.1213203072547913, 5.535533845424652]",13.97523930848363,84.82590091228485,1,1.5984251968503937,r06c02f05p01-ch2sk1fk1fl1.tiff
39,5,3,"[13.656854249492381, 10.899494936611667, 8.82842712474619, 10.65685424949238, 7.65685424949238]",51.69848480983501,409,1.2915212930235858,108.91168689727783,0.43329552381375813,2.3078936777335057,"[6.328427076339722, 7.778174459934235, 10.742640614509583]",8.283080716927847,10.742640614509583,1,1.12,r06c02f05p01-ch2sk1fk1fl1.tiff
40,5,3,"[9.82842712474619, 9.82842712474619, 19.899494936611667, 3.414213562373095, 11.242640687119286]",54.21320343559642,519,1.3172207242509462,114.66904675960541,0.49600358716617243,2.0161144513355653,"[0.7071067690849304, 7.328427076339722, 7.328427076339722]",5.121320307254791,7.328427076339722,1,1.4444444444444444,r06c02f05p01-ch2sk1fk1fl1.tiff
41,3,2,"[7.242640687119285, 5.242640687119286, 64.6690475583121]",77.15432893255067,577,1.3771980418156147,167.92387974262238,0.2571347412568484,3.8890116330142788,"[2.1213203072547913, 4.121320307254791]",3.1213203072547913,4.121320307254791,2,1.1458333333333333,r06c02f05p01-ch2sk1fk1fl1.tiff
42,14,6,"[11.656854249492381, 4.242640687119286, 6.82842712474619, 4.414213562373095, 22.142135623730955, 4.414213562373095, 2.0, 1.4142135623730951, 9.242640687119286, 8.485281374238571, 6.242640687119285, 7.0, 3.82842712474619, 6.82842712474619]",98.7401153701776,954,1.4581623196670241,171.33809316158295,0.40836675600419337,2.448779155739434,"[0.7071067690849304, 4.949747383594513, 9.242640614509583, 1.9142135381698608, 0.7071067690849304, 8.535533845424652]",4.342724819978078,9.242640614509583,0,1.1818181818181819,r06c02f05p01-ch2sk1fk1fl1.tiff
43,7,4,"[12.485281374238571, 8.071067811865476, 16.899494936611667, 12.242640687119287, 16.242640687119284, 8.242640687119286, 8.071067811865476]",82.25483399593907,783,1.3697175649788293,166.12489020824432,0.3565350349116709,2.804773450238188,"[5.535533845424652, 9.328427076339722, 4.535533845424652, 9.571067690849304]",7.2426406145095825,9.571067690849304,1,1.3714285714285714,r06c02f05p01-ch2sk1fk1fl1.tiff
44,3,1,"[34.89949493661167, 15.899494936611667, 7.0710678118654755]",57.87005768508881,451,1.1858950578576106,125.01219248771667,0.3626449732525368,2.7575178859672906,[12.778174459934235],12.778174459934235,12.778174459934235,1,2.3333333333333335,r06c02f05p01-ch2sk1fk1fl1.tiff
45,3,2,"[7.82842712474619, 16.82842712474619, 33.041630560342625]",57.69848480983501,704,1.419059555918866,134.46803677082062,0.48926527652507984,2.04388099458503,"[14.328427076339722, 4.914213538169861]",9.621320307254791,14.328427076339722,1,1.411764705882353,r06c02f05p01-ch2sk1fk1fl1.tiff
46,5,3,"[11.485281374238571, 7.82842712474619, 6.82842712474619, 19.071067811865476, 3.8284271247461903]",49.04163056034262,539,1.3355610826028246,105.11269772052765,0.6130392262270937,1.6312169877846623,"[16.156854152679443, 3.7071067690849304, 8.571067690849304]",9.478342870871225,16.156854152679443,1,1.5454545454545454,r06c02f05p01-ch2sk1fk1fl1.tiff
47,6,2,"[32.38477631085024, 7.0710678118654755, 26.798989873223338, 1.4142135623730951, 2.0, 8.82842712474619]",78.49747468305833,770,1.3880306026432934,161.9238796234131,0.36904454279071797,2.7097000065032573,"[3.535533845424652, 29.67766922712326]",16.606601536273956,29.67766922712326,1,1.425,r06c02f05p01-ch2sk1fk1fl1.tiff
