object_label,num_nodes,num_branches,num_projections,branch_lengths,total_skeleton_length,area,fractal_dim,perimeter,circularity,roundness,projection_lengths,avg_projection_length,max_projection_length,neighbors,length_width_ratio,file_name
1,18,12,4,"[1.4142135623730951, 2.0, 1.4142135623730951, 5.242640687119286, 4.0, 7.414213562373095, 4.0, 1.0, 3.82842712474619, 5.414213562373095, 19.07106781186548, 4.82842712474619]",59.627416997969526,272,1.1894809158758761,105.9827550649643,0.3043044883739294,3.286182222758409,"[16.571067690849304, 0.5, 4.914213538169861, 1.5]",5.871320307254791,16.571067690849304,0,1.0,r04c09f05p01-ch2sk1fk1fl1.tiff
2,24,16,6,"[9.0, 6.656854249492381, 31.899494936611667, 13.485281374238571, 1.0, 10.65685424949238, 12.414213562373096, 20.07106781186548, 12.0, 31.142135623730955, 30.142135623730955, 12.071067811865476, 26.89949493661167, 5.0, 5.414213562373095, 5.414213562373095]",233.2670273047588,1345,1.5776543459154992,378.09040009975433,0.11823358202747927,8.457833915304915,"[2.5, 28.435028612613678, 17.363960921764374, 9.949747383594513, 28.985281229019165, 3.535533845424652]",15.128258665402731,28.985281229019165,1,1.1929824561403508,r04c09f05p01-ch2sk1fk1fl1.tiff
3,30,21,7,"[87.35533905932735, 3.0, 23.142135623730955, 3.82842712474619, 2.0, 1.4142135623730951, 2.0, 6.242640687119285, 13.65685424949238, 2.0, 17.142135623730955, 19.72792206135786, 22.899494936611667, 5.414213562373095, 1.4142135623730951, 2.0, 2.0, 144.84062043356596, 9.656854249492381, 3.414213562373095, 3.82842712474619]",376.9777054234135,2477,-1.0,705.2691124677658,0.0625786431315945,15.979892659179809,"[0.5, 6.7426406145095825, 2.5, 16.192387998104095, 23.278174459934235, 4.414213538169861, 0.5]",7.732488087245396,23.278174459934235,0,2.276595744680851,r04c09f05p01-ch2sk1fk1fl1.tiff
4,48,33,15,"[8.414213562373096, 6.0, 66.69848480983495, 7.0, 2.0, 10.242640687119286, 8.242640687119286, 8.414213562373096, 11.0, 7.0, 17.65685424949238, 6.0, 14.828427124746192, 9.242640687119286, 6.65685424949238, 19.142135623730955, 3.82842712474619, 2.0, 18.142135623730955, 7.242640687119285, 13.0, 22.242640687119287, 25.142135623730955, 23.55634918610405, 27.72792206135786, 8.242640687119284, 13.485281374238571, 19.07106781186548, 3.0, 1.4142135623730951, 2.0, 11.82842712474619, 9.82842712474619]",420.2914139223983,3333,-1.0,646.3401809930801,0.10025888412600131,9.97417843533188,"[0.5, 24.313708305358887, 5.7426406145095825, 22.020815074443817, 15.020815074443817, 16.227921843528748, 3.5, 14.949747383594513, 4.5, 8.5, 5.914213538169861, 7.328427076339722, 5.328427076339722, 3.5, 5.70710676908493]",9.53692151705424,24.313708305358887,0,1.2755102040816326,r04c09f05p01-ch2sk1fk1fl1.tiff
5,14,9,5,"[7.65685424949238, 10.242640687119286, 36.31370849898476, 20.970562748477146, 32.97056274847715, 14.242640687119286, 13.071067811865476, 16.242640687119284, 3.8284271247461903]",155.53910524340097,595,1.3094856575201206,325.46298336982727,0.07058682171857304,14.1669503691066,"[13.535533845424652, 10.363960921764374, 11.121320307254791, 7.7426406145095825, 4.535533845424652]",9.459797906875611,13.535533845424652,0,1.0,r04c09f05p01-ch2sk1fk1fl1.tiff
6,21,15,5,"[18.142135623730955, 51.52691193458117, 7.414213562373095, 10.656854249492381, 8.242640687119284, 8.414213562373096, 6.0, 4.82842712474619, 1.4142135623730951, 2.0, 1.0, 2.0, 1.4142135623730951, 2.0, 2.8284271247461903]",127.88225099390853,906,1.2563203604878135,275.2203434705734,0.15030623511316427,6.653083947230191,"[1.5, 5.914213538169861, 7.328427076339722, 4.914213538169861, 15.020815074443817]",6.9355338454246525,15.020815074443817,1,1.2321428571428572,r04c09f05p01-ch2sk1fk1fl1.tiff
7,33,22,10,"[20.313708498984763, 8.242640687119284, 7.242640687119285, 3.82842712474619, 4.414213562373095, 16.48528137423857, 11.656854249492381, 8.82842712474619, 6.0, 11.242640687119286, 12.313708498984763, 6.242640687119285, 2.0, 1.4142135623730951, 2.414213562373095, 7.0, 5.242640687119286, 19.242640687119287, 7.82842712474619, 20.313708498984763, 17.142135623730955, 8.65685424949238]",208.06601717798213,1628,1.5788191066316375,365.84775948524475,0.15284930389583068,6.542391587740017,"[5.535533845424652, 16.985281229019165, 4.70710676908493, 2.1213203072547913, 8.778174459934235, 3.3284270763397217, 0.5, 4.121320307254791, 5.328427076339722, 17.192387998104095]",6.8597979068756105,17.192387998104095,0,1.4782608695652173,r04c09f05p01-ch2sk1fk1fl1.tiff
8,17,11,6,"[11.414213562373096, 14.071067811865477, 4.414213562373095, 16.656854249492383, 4.0, 16.72792206135786, 14.899494936611667, 5.656854249492381, 1.0, 7.82842712474619, 3.414213562373095]",100.08326112068525,687,1.3970570735778052,176.02438497543335,0.278625544320238,3.5890463756282553,"[3.914213538169861, 3.535533845424652, 13.606601536273956, 14.156854152679443, 11.363960921764374, 8.91421353816986]",9.248562922080358,14.156854152679443,0,1.2058823529411764,r04c09f05p01-ch2sk1fk1fl1.tiff
9,13,9,2,"[2.0, 1.4142135623730951, 2.0, 3.414213562373095, 99.8406204335659, 11.071067811865476, 2.0, 1.4142135623730951, 3.414213562373095]",126.56854249492375,857,1.435378103707031,276.9360725879669,0.140420859880968,7.121449055700701,"[4.20710676908493, 97.34061968326569]",50.77386322617531,97.34061968326569,1,3.0,r04c09f05p01-ch2sk1fk1fl1.tiff
10,14,10,3,"[10.242640687119286, 9.242640687119286, 7.82842712474619, 15.656854249492381, 1.4142135623730951, 2.0, 9.0, 14.727922061357859, 5.82842712474619, 3.0]",78.94112549695427,300,1.1141499005073758,169.78174459934235,0.13078234944018907,7.646291753286874,"[3.1213203072547913, 4.914213538169861, 6.328427076339722]",4.787986973921458,6.328427076339722,1,1.3846153846153846,r04c09f05p01-ch2sk1fk1fl1.tiff
11,14,9,5,"[4.242640687119286, 31.970562748477146, 6.82842712474619, 6.0, 7.242640687119285, 10.242640687119284, 11.071067811865476, 3.0, 7.242640687119285]",87.84062043356596,444,1.2568025161793286,160.26702558994293,0.2172223362908149,4.603578145210679,"[7.949747383594513, 7.535533845424652, 3.914213538169861, 0.7071067690849304, 29.47056245803833]",9.915432798862458,29.47056245803833,0,1.3333333333333333,r04c09f05p01-ch2sk1fk1fl1.tiff
13,12,8,3,"[72.0416305603426, 21.48528137423857, 11.071067811865476, 45.35533905932736, 7.242640687119285, 2.0, 1.4142135623730951, 8.65685424949238]",169.26702730475878,1136,1.4297350691104962,343.84775948524475,0.12074128616629091,8.282171175671843,"[53.012192606925964, 18.985281229019165, 69.3345233798027]",47.11066573858261,69.3345233798027,2,1.681159420289855,r04c09f05p01-ch2sk1fk1fl1.tiff
14,25,17,7,"[17.071067811865476, 29.72792206135786, 9.242640687119286, 3.0, 69.08326112068518, 7.414213562373095, 13.071067811865477, 17.656854249492383, 8.414213562373096, 5.242640687119285, 4.0, 14.414213562373096, 4.0, 14.071067811865477, 4.82842712474619, 2.0, 18.48528137423857]",241.7228714274745,1213,1.3870767359903846,478.0731552839279,0.0666932603960405,14.994018796828366,"[1.5, 5.914213538169861, 10.156854152679443, 4.914213538169861, 0.5, 27.227921843528748, 14.156854152679443]",9.195722460746765,27.227921843528748,2,1.4615384615384615,r04c09f05p01-ch2sk1fk1fl1.tiff
15,12,8,3,"[16.899494936611667, 30.142135623730958, 6.0, 14.727922061357859, 29.62741699796953, 2.0, 1.4142135623730951, 2.0]",102.81118318204311,638,1.3724111486801025,188.1665209531784,0.22643618656866396,4.416255260052096,"[11.192387998104095, 26.813708305358887, 13.985281229019165]",17.33045917749405,26.813708305358887,0,1.2820512820512822,r04c09f05p01-ch2sk1fk1fl1.tiff
17,86,58,28,"[51.52691193458117, 60.012193308819725, 11.899494936611667, 17.899494936611667, 15.142135623730955, 46.55634918610404, 90.0538238691623, 29.142135623730958, 5.414213562373095, 3.0, 20.07106781186548, 44.04163056034261, 8.82842712474619, 14.828427124746192, 23.899494936611667, 27.242640687119284, 47.38477631085023, 19.82842712474619, 13.899494936611667, 13.899494936611667, 35.55634918610405, 1.0, 25.798989873223338, 20.899494936611667, 47.52691193458118, 3.82842712474619, 30.313708498984763, 5.0, 4.414213562373095, 10.071067811865476, 11.485281374238571, 15.727922061357859, 4.414213562373095, 14.142135623730955, 48.384776310850214, 17.48528137423857, 8.414213562373096, 6.0, 2.0, 20.313708498984763, 4.242640687119286, 33.31370849898477, 42.31370849898475, 23.414213562373096, 6.82842712474619, 14.071067811865477, 8.65685424949238, 9.485281374238571, 11.313708498984763, 12.0, 2.0, 18.899494936611667, 12.313708498984763, 3.414213562373095, 10.65685424949238, 17.656854249492383, 8.414213562373096, 3.414213562373095]",1139.756492761104,13860,-1.0,1659.398177742958,0.06325165254882112,15.809863611518207,"[5.5, 7.535533845424652, 9.192387998104095, 9.5, 7.778174459934235, 5.949747383594513, 5.7426406145095825, 10.949747383594513, 16.985281229019165, 30.192387998104095, 14.985281229019165, 10.606601536273956, 12.606601536273956, 8.985281229019165, 1.5, 2.5, 0.7071067690849304, 17.778174459934235, 23.09188276529312, 10.363960921764374, 10.778174459934235, 23.535533845424652, 17.156854152679443, 2.7071067690849304, 44.05634891986847, 11.606601536273956, 8.363960921764374, 48.61269783973694]",13.545288207275528,48.61269783973694,5,1.176706827309237,r04c09f05p01-ch2sk1fk1fl1.tiff
19,20,14,6,"[5.0, 4.414213562373095, 3.8284271247461903, 5.0, 4.82842712474619, 1.0, 14.656854249492381, 12.656854249492381, 2.0, 3.414213562373095, 1.4142135623730951, 6.65685424949238, 5.414213562373095, 99.4264068711928]",169.7106781186547,665,1.373596673238127,335.1198377609253,0.07440998810671168,13.43905603863148,"[8.449747383594513, 1.5, 9.121320307254791, 0.7071067690849304, 1.5, 2.5]",3.963029076655706,9.121320307254791,1,2.5714285714285716,r04c09f05p01-ch2sk1fk1fl1.tiff
20,19,13,7,"[11.242640687119287, 11.485281374238571, 8.485281374238571, 8.65685424949238, 3.0, 20.142135623730955, 1.0, 11.656854249492381, 17.82842712474619, 12.485281374238571, 16.48528137423857, 6.656854249492381, 25.798989873223338]",154.92388155425118,1178,1.522005312250536,250.10764527320862,0.2366471179157511,4.225701157095903,"[3.535533845424652, 9.363960921764374, 16.606601536273956, 5.949747383594513, 4.949747383594513, 8.156854152679443, 7.914213538169861]",8.068094108785901,16.606601536273956,1,1.3725490196078431,r04c09f05p01-ch2sk1fk1fl1.tiff
21,11,7,4,"[33.97056274847714, 11.242640687119286, 23.48528137423857, 12.414213562373096, 3.414213562373095, 17.65685424949238, 4.0]",106.18376618407356,545,1.3429137074704407,213.09545266628265,0.15081967543857103,6.630434637205547,"[0.5, 20.985281229019165, 8.121320307254791, 30.435028612613678]",15.010407537221909,30.435028612613678,1,2.962962962962963,r04c09f05p01-ch2sk1fk1fl1.tiff
23,5,3,2,"[21.970562748477146, 14.242640687119287, 14.071067811865476]",50.28427124746191,434,1.2829439553481956,110.81118166446686,0.4441528173832957,2.2514773313641245,"[11.742640614509583, 19.47056245803833]",15.606601536273956,19.47056245803833,2,1.096774193548387,r04c09f05p01-ch2sk1fk1fl1.tiff
24,21,15,5,"[27.89949493661167, 2.0, 1.4142135623730951, 10.656854249492381, 11.485281374238571, 8.0, 5.242640687119286, 10.414213562373096, 8.242640687119284, 3.0, 16.071067811865476, 2.0, 18.313708498984763, 35.798989873223334, 20.72792206135786]",181.2670273047588,817,1.2599943630499888,302.29141068458557,0.11235187017681658,8.900608404882133,"[14.985281229019165, 33.29898953437805, 5.328427076339722, 2.1213203072547913, 8.571067690849304]",12.861017167568207,33.29898953437805,1,1.1272727272727272,r04c09f05p01-ch2sk1fk1fl1.tiff
25,29,19,10,"[25.727922061357862, 17.55634918610405, 20.798989873223338, 8.414213562373096, 4.414213562373095, 45.48528137423857, 6.242640687119285, 2.414213562373095, 8.0, 3.8284271247461903, 19.65685424949238, 9.485281374238571, 13.313708498984763, 16.55634918610405, 10.414213562373096, 15.656854249492381, 2.0, 9.65685424949238, 11.899494936611667]",251.52186130069785,2516,1.4749530068689511,317.6051186323166,0.3134335738839906,3.190468677647546,"[6.535533845424652, 12.742640614509583, 13.435028612613678, 6.156854152679443, 16.12132030725479, 3.1213203072547913, 1.9142135381698608, 17.47056245803833, 14.227921843528748, 22.399494767189026]",11.412489044666291,22.399494767189026,3,1.2835820895522387,r04c09f05p01-ch2sk1fk1fl1.tiff
26,5,3,2,"[5.82842712474619, 112.6690475583121, 5.82842712474619]",124.32590180780447,510,1.1800262615952304,270.2081513404846,0.08777748791812647,11.392442683398954,"[108.96193999052048, 2.914213538169861]",55.93807676434517,108.96193999052048,1,2.736842105263158,r04c09f05p01-ch2sk1fk1fl1.tiff
27,8,5,4,"[6.0, 4.0, 31.384776310850246, 54.48528137423857, 67.97056274847711]",163.8406204335659,2005,1.4204071866688304,340.308655500412,0.21755959946095926,4.596441630144886,"[65.47056245803833, 28.88477599620819, 1.5, 3.5]",24.83883461356163,65.47056245803833,3,4.5,r04c09f05p01-ch2sk1fk1fl1.tiff
28,11,7,4,"[42.62741699796952, 3.82842712474619, 70.55634918610403, 67.97056274847712, 10.899494936611667, 14.414213562373096, 32.82842712474619]",243.1248916810278,2093,1.4657671782451736,457.5046138763428,0.12565741923925985,7.958145297381408,"[11.91421353816986, 65.47056245803833, 0.7071067690849304, 39.29898953437805]",29.347718074917793,65.47056245803833,0,1.46875,r04c09f05p01-ch2sk1fk1fl1.tiff
29,15,10,4,"[18.89949493661167, 9.65685424949238, 6.414213562373095, 18.07106781186548, 5.242640687119286, 4.82842712474619, 8.82842712474619, 12.485281374238571, 4.82842712474619, 28.727922061357862]",117.9827560572969,562,1.3711742429006701,223.96550953388214,0.14079391795325122,7.102579532817867,"[1.5, 1.7071067690849304, 7.156854152679443, 15.985281229019165]",6.587310537695885,15.985281229019165,1,2.3666666666666667,r04c09f05p01-ch2sk1fk1fl1.tiff
30,8,5,3,"[18.313708498984763, 15.242640687119284, 4.82842712474619, 17.071067811865476, 21.485281374238575]",76.94112549695429,873,1.4488171005492732,143.43859803676605,0.5332023368707772,1.8754606475821807,"[13.742640614509583, 12.742640614509583, 15.192387998104095]",13.892556409041086,15.192387998104095,4,1.0512820512820513,r04c09f05p01-ch2sk1fk1fl1.tiff
31,5,3,2,"[13.485281374238573, 23.656854249492383, 25.656854249492383]",62.79898987322334,995,1.421093984069145,155.33809340000153,0.5181756537709238,1.929847519316456,"[21.156854152679443, 10.156854152679443]",15.656854152679443,21.156854152679443,5,1.0666666666666667,r04c09f05p01-ch2sk1fk1fl1.tiff
34,5,3,2,"[13.65685424949238, 12.82842712474619, 27.55634918610405]",54.04163056034262,634,1.3434527418339943,125.39696836471558,0.5066698337704626,1.9736718733743117,"[10.328427076339722, 11.156854152679443]",10.742640614509583,11.156854152679443,5,1.0285714285714285,r04c09f05p01-ch2sk1fk1fl1.tiff
35,51,34,16,"[6.414213562373095, 5.656854249492381, 27.242640687119287, 12.485281374238571, 17.89949493661167, 6.242640687119286, 4.82842712474619, 22.89949493661167, 1.0, 11.0, 21.72792206135786, 5.82842712474619, 9.242640687119284, 8.0, 12.242640687119284, 14.071067811865477, 28.82842712474619, 10.242640687119284, 13.414213562373096, 6.82842712474619, 12.485281374238571, 6.414213562373095, 23.55634918610405, 6.0, 17.899494936611667, 14.485281374238571, 2.0, 5.0, 69.59797974644661, 23.485281374238575, 14.485281374238571, 10.242640687119286, 18.656854249492383, 33.87005768508882]",504.2741699796952,4076,-1.0,809.0924874544144,0.0782433978143741,12.780631055573739,"[7.328427076339722, 10.949747383594513, 2.5, 11.778174459934235, 20.435028612613678, 14.985281229019165, 4.328427076339722, 7.535533845424652, 6.328427076339722, 19.778174459934235, 2.7071067690849304, 3.1213203072547913, 14.363960921764374, 9.156854152679443, 2.1213203072547913, 3.5]",8.807361479848623,20.435028612613678,2,1.5714285714285714,r04c09f05p01-ch2sk1fk1fl1.tiff
36,15,10,4,"[33.071067811865476, 3.414213562373095, 5.82842712474619, 2.0, 1.4142135623730951, 8.242640687119284, 21.72792206135786, 10.656854249492381, 3.82842712474619, 100.04163056034257]",190.22539674441612,1955,1.4990710633115905,349.3208484649658,0.20132959183166435,4.966979721670125,"[7.949747383594513, 3.1213203072547913, 10.449747383594513, 30.571067690849304]",13.02297069132328,30.571067690849304,2,2.688888888888889,r04c09f05p01-ch2sk1fk1fl1.tiff
37,42,29,13,"[20.899494936611667, 12.071067811865476, 7.414213562373095, 55.52691193458118, 47.455844122715696, 1.0, 10.899494936611667, 9.414213562373096, 3.82842712474619, 29.72792206135786, 4.0, 13.414213562373096, 13.071067811865477, 10.242640687119286, 61.94112549695426, 4.0, 13.727922061357859, 7.0, 13.727922061357859, 11.82842712474619, 3.0, 13.071067811865476, 28.899494936611667, 15.414213562373096, 3.0, 1.4142135623730951, 34.384776310850235, 9.071067811865476, 5.82842712474619]",465.2741699796952,4206,-1.0,652.6833260059357,0.12407208954211033,8.059830407390681,"[5.535533845424652, 0.5, 0.5, 10.606601536273956, 10.192387998104095, 10.5, 10.156854152679443, 0.5, 6.914213538169861, 7.778174459934235, 52.81980460882187, 8.949747383594513, 17.985281229019165]",10.9952768270786,52.81980460882187,4,1.1935483870967742,r04c09f05p01-ch2sk1fk1fl1.tiff
38,11,7,4,"[118.2670273047587, 7.0, 10.071067811865476, 7.65685424949238, 28.414213562373096, 20.071067811865476, 103.62741699796949]",295.1076477383246,1941,1.4616681694244136,573.4284937381744,0.07417829739753154,13.48103198757535,"[17.571067690849304, 4.7426406145095825, 4.5, 115.55991905927658]",35.59340684115887,115.55991905927658,1,2.550561797752809,r04c09f05p01-ch2sk1fk1fl1.tiff
39,35,23,12,"[6.82842712474619, 45.55634918610403, 17.899494936611667, 7.242640687119285, 6.82842712474619, 5.414213562373095, 56.11269837220807, 4.0, 9.242640687119286, 3.82842712474619, 23.07106781186548, 13.313708498984763, 2.0, 20.72792206135786, 7.242640687119285, 66.14213562373095, 23.72792206135786, 4.82842712474619, 4.414213562373095, 5.0, 1.0, 18.65685424949238, 5.242640687119285]",358.32085117392114,3276,1.5974738777874316,632.3401806354523,0.1029561275377001,9.71287502663524,"[15.742640614509583, 1.9142135381698608, 2.914213538169861, 17.399494767189026, 63.64213538169861, 9.778174459934235, 0.7071067690849304, 1.5, 2.5, 3.914213538169861, 43.05634891986847, 3.914213538169861]",13.915229588747025,63.64213538169861,0,1.3278688524590163,r04c09f05p01-ch2sk1fk1fl1.tiff
43,20,13,7,"[18.242640687119284, 112.39696961966992, 10.071067811865476, 38.384776310850235, 25.899494936611667, 7.82842712474619, 6.0, 23.55634918610405, 13.485281374238571, 4.414213562373095, 14.899494936611667, 16.65685424949238, 6.65685424949238]",298.49242404917493,2018,1.5739623791637753,591.955404996872,0.07236907893029838,13.818056202748426,"[13.949747383594513, 11.778174459934235, 1.5, 5.121320307254791, 35.47056245803833, 6.535533845424652, 15.535533845424652]",12.84155318566731,35.47056245803833,0,1.7204301075268817,r04c09f05p01-ch2sk1fk1fl1.tiff
44,4,3,2,"[5.414213562373095, 8.82842712474619, 20.48528137423857]",34.72792206135786,277,1.1540189977436144,81.94112479686737,0.5184248261967511,1.928919969624454,"[6.121320307254791, 2.7071067690849304]",4.414213538169861,6.121320307254791,0,2.0,r04c09f05p01-ch2sk1fk1fl1.tiff
45,24,16,7,"[48.112698372208094, 12.828427124746192, 2.0, 1.4142135623730951, 19.899494936611667, 15.899494936611669, 9.242640687119284, 18.071067811865476, 16.899494936611667, 22.142135623730955, 12.82842712474619, 6.82842712474619, 19.55634918610405, 19.07106781186548, 4.414213562373095, 5.414213562373095]",234.6223663640862,1826,1.5692540067681273,470.9432122707367,0.10346025719056866,9.66554720773649,"[1.9142135381698608, 16.571067690849304, 16.435028612613678, 10.121320307254791, 14.399494767189026, 31.520815074443817, 45.61269783973694]",19.51066254717963,45.61269783973694,0,1.2121212121212122,r04c09f05p01-ch2sk1fk1fl1.tiff
46,30,20,9,"[5.82842712474619, 2.0, 1.4142135623730951, 46.698484809834994, 9.82842712474619, 15.313708498984765, 35.24264068711929, 1.4142135623730951, 3.414213562373095, 2.0, 11.071067811865476, 13.656854249492381, 3.82842712474619, 8.414213562373096, 3.414213562373095, 7.82842712474619, 4.414213562373095, 8.65685424949238, 3.82842712474619, 4.0]",192.26702730475878,1740,-1.0,332.53405117988586,0.19773651048514213,5.057234991891595,"[0.7071067690849304, 5.949747383594513, 1.5, 7.535533845424652, 0.5, 0.7071067690849304, 11.985281229019165, 7.121320307254791, 51.11269783973694]",9.679866015911102,51.11269783973694,3,1.9444444444444444,r04c09f05p01-ch2sk1fk1fl1.tiff
48,12,8,3,"[9.656854249492381, 20.071067811865476, 2.0, 10.82842712474619, 7.0, 2.0, 1.4142135623730951, 12.828427124746192]",65.79898987322333,449,1.2067159970335395,126.32590055465698,0.3535667358960173,2.8283203663539673,"[22.656854152679443, 17.571067690849304, 6.328427076339722]",15.51878297328949,22.656854152679443,3,1.1290322580645162,r04c09f05p01-ch2sk1fk1fl1.tiff
51,5,3,2,"[8.414213562373096, 3.0, 43.142135623730944]",54.55634918610404,281,1.1816955150150315,128.911687374115,0.21248662462514736,4.706178573659041,"[0.5, 5.914213538169861]",3.2071067690849304,5.914213538169861,0,3.375,r04c09f05p01-ch2sk1fk1fl1.tiff
52,8,5,3,"[28.142135623730955, 3.82842712474619, 12.071067811865476, 11.071067811865476, 84.14213562373094]",139.25483399593904,624,1.3412072354387148,311.96550989151,0.08057147038151113,12.411341077244032,"[8.156854152679443, 0.7071067690849304, 25.64213538169861]",11.502032101154327,25.64213538169861,0,2.276595744680851,r04c09f05p01-ch2sk1fk1fl1.tiff
53,17,11,6,"[65.18376618407353, 3.0, 27.213203435596434, 6.65685424949238, 20.55634918610405, 4.0, 5.0, 20.656854249492383, 37.242640687119284, 3.0, 3.0]",195.50966799187805,1285,1.4274341215067707,390.71781635284424,0.10577585915206568,9.453952990940762,"[0.5, 2.5, 1.5, 3.3284270763397217, 0.5, 62.47665876150131]",11.800847639640173,62.47665876150131,1,1.17,r04c09f05p01-ch2sk1fk1fl1.tiff
54,8,5,3,"[3.8284271247461903, 43.69848480983499, 6.242640687119285, 14.899494936611667, 24.899494936611667]",93.5685424949238,441,1.304141315977399,204.79393768310547,0.13213390209846257,7.568080440512741,"[11.571067690849304, 2.914213538169861, 0.7071067690849304]",5.0641293327013654,11.571067690849304,0,1.08,r04c09f05p01-ch2sk1fk1fl1.tiff
55,8,5,3,"[14.828427124746192, 7.65685424949238, 8.0, 6.242640687119285, 11.071067811865477]",47.798989873223334,351,1.2567350971011098,106.91168737411499,0.38589274392023465,2.591393633995625,"[8.156854152679443, 4.535533845424652, 11.91421353816986]",8.202200512091318,11.91421353816986,1,1.037037037037037,r04c09f05p01-ch2sk1fk1fl1.tiff
1,49,33,13,"[5.414213562373095, 2.0, 1.4142135623730951, 5.0, 8.242640687119284, 2.0, 8.65685424949238, 4.414213562373095, 3.0, 8.414213562373096, 6.242640687119286, 16.899494936611667, 8.242640687119284, 6.656854249492381, 20.899494936611667, 5.82842712474619, 7.242640687119286, 31.242640687119287, 21.485281374238575, 6.414213562373095, 17.72792206135786, 2.0, 13.899494936611667, 13.656854249492381, 3.0, 19.48528137423857, 8.414213562373096, 35.627416997969526, 8.65685424949238, 47.76955262170046, 30.55634918610405, 4.0, 25.07106781186548]",409.57568516986026,2706,-1.0,632.2813059091568,0.08505835376883596,11.756634777081523,"[1.5, 5.914213538169861, 0.5, 10.742640614509583, 18.985281229019165, 3.7071067690849304, 3.1213203072547913, 17.778174459934235, 2.914213538169861, 0.5, 1.7071067690849304, 5.535533845424652, 9.621320307254791]",6.348223952146677,18.985281229019165,0,1.2371134020618557,r05c08f08p01-ch2sk1fk1fl1.tiff
3,42,29,12,"[22.071067811865476, 7.414213562373095, 18.656854249492383, 10.071067811865476, 15.242640687119287, 14.071067811865476, 8.414213562373096, 7.0710678118654755, 39.24264068711929, 7.65685424949238, 14.071067811865477, 3.0, 13.899494936611667, 2.414213562373095, 30.798989873223338, 26.89949493661167, 2.0, 1.4142135623730951, 3.82842712474619, 2.0, 1.4142135623730951, 6.0, 12.242640687119287, 8.0, 15.485281374238573, 19.071067811865476, 25.798989873223338, 6.82842712474619, 9.242640687119284]",354.3208511739212,3154,1.5407596589936887,620.7422028779984,0.10286058899103427,9.72189649902903,"[3.914213538169861, 11.949747383594513, 8.91421353816986, 9.035533845424652, 24.399494767189026, 15.313708305358887, 0.5, 3.535533845424652, 10.949747383594513, 7.156854152679443, 4.914213538169861, 19.156854152679443]",9.978342870871225,24.399494767189026,0,1.5161290322580645,r05c08f08p01-ch2sk1fk1fl1.tiff
4,24,17,6,"[14.485281374238573, 8.414213562373096, 3.0, 4.0, 18.242640687119287, 9.414213562373096, 3.0, 1.0, 2.0, 10.071067811865476, 15.242640687119286, 3.414213562373095, 2.0, 1.4142135623730951, 9.414213562373096, 1.4142135623730951, 2.0]",108.52691193458118,684,1.204466791735479,198.99494743347168,0.21706103349346717,4.606999164730765,"[6.949747383594513, 0.5, 6.5, 0.5, 5.5, 10.949747383594513]",5.149915794531505,10.949747383594513,0,1.1282051282051282,r05c08f08p01-ch2sk1fk1fl1.tiff
5,8,5,3,"[3.82842712474619, 48.284271247461895, 6.242640687119285, 33.798989873223334, 58.52691193458115]",150.68124086713186,1018,1.492232746617155,311.6051185131073,0.1317493484736518,7.59017036201881,"[31.29898953437805, 2.914213538169861, 0.5]",11.571067690849304,31.29898953437805,0,1.5666666666666667,r05c08f08p01-ch2sk1fk1fl1.tiff
6,5,3,2,"[29.313708498984763, 6.0, 6.0]",41.31370849898477,320,1.172572486606447,93.98275578022003,0.4552641906133095,2.196526809307908,"[3.5, 26.192387998104095]",14.846193999052048,26.192387998104095,0,1.8,r05c08f08p01-ch2sk1fk1fl1.tiff
7,54,37,13,"[2.414213562373095, 2.0, 1.4142135623730951, 1.0, 3.414213562373095, 33.38477631085024, 22.48528137423857, 4.82842712474619, 24.72792206135786, 5.0, 13.899494936611667, 8.242640687119284, 5.82842712474619, 16.48528137423857, 2.0, 17.242640687119287, 19.071067811865476, 6.0, 11.0, 10.071067811865476, 11.899494936611667, 7.0, 3.82842712474619, 8.414213562373096, 5.0, 10.242640687119284, 9.414213562373096, 15.485281374238571, 8.65685424949238, 12.828427124746192, 24.72792206135786, 1.4142135623730951, 2.0, 7.414213562373095, 8.82842712474619, 30.313708498984766, 7.0]",384.9777054234137,2613,-1.0,528.9432126283646,0.11736299301185428,8.520573430663912,"[5.914213538169861, 21.192387998104095, 5.7426406145095825, 39.34924215078354, 5.914213538169861, 0.7071067690849304, 4.5, 0.0, 5.328427076339722, 10.985281229019165, 2.5, 0.5, 2.914213538169861]",8.119055880950047,39.34924215078354,0,1.1,r05c08f08p01-ch2sk1fk1fl1.tiff
8,32,21,11,"[17.82842712474619, 5.0, 8.0, 34.14213562373095, 3.0, 26.89949493661167, 10.414213562373096, 45.04163056034261, 18.242640687119287, 12.656854249492381, 9.485281374238571, 8.65685424949238, 4.414213562373095, 40.8700576850888, 20.48528137423857, 18.656854249492383, 3.0, 21.142135623730955, 63.4558441227157, 3.82842712474619, 7.414213562373095]",382.63455967290594,3531,-1.0,707.2518675327301,0.08870730306896267,11.273028999907503,"[0.5, 18.020815074443817, 15.742640614509583, 16.949747383594513, 5.949747383594513, 9.328427076339722, 15.742640614509583, 0.5, 31.020815074443817, 2.5, 15.328427076339722]",11.962114572525024,31.020815074443817,0,1.2580645161290323,r05c08f08p01-ch2sk1fk1fl1.tiff
1,36,24,11,"[81.28427124746187, 6.414213562373095, 26.727922061357862, 34.28427124746191, 5.414213562373095, 11.0, 31.041630560342625, 2.0, 10.0, 21.970562748477146, 1.4142135623730951, 2.0, 3.414213562373095, 12.242640687119287, 23.142135623730955, 32.97056274847714, 11.828427124746192, 58.04163056034258, 6.82842712474619, 8.414213562373096, 7.656854249492381, 31.62741699796953, 30.656854249492383, 3.8284271247461903]",464.2031021678298,3835,-1.0,901.3940029144287,0.059312455460609335,16.859865136828155,"[28.156854152679443, 5.5, 3.914213538169861, 8.91421353816986, 8.91421353816986, 23.97056245803833, 7.5, 2.5, 23.399494767189026, 3.7071067690849304, 78.16295045614243]",17.694509928876702,78.16295045614243,1,1.4031007751937985,r03c09f04p01-ch2sk1fk1fl1.tiff
2,60,41,18,"[17.72792206135786, 66.62741699796949, 2.0, 5.0, 5.242640687119286, 15.899494936611667, 7.0, 49.79898987322333, 15.242640687119286, 56.2132034355964, 23.970562748477146, 2.0, 31.142135623730955, 12.071067811865476, 3.414213562373095, 9.414213562373096, 23.727922061357862, 7.414213562373095, 26.414213562373096, 16.899494936611667, 21.970562748477146, 69.4974746830583, 35.38477631085024, 12.727922061357859, 4.414213562373095, 25.242640687119287, 2.8284271247461903, 2.414213562373095, 23.142135623730955, 4.0, 7.414213562373095, 19.142135623730955, 11.071067811865476, 12.414213562373096, 8.82842712474619, 5.414213562373095, 18.414213562373096, 6.242640687119285, 11.071067811865476, 4.414213562373095, 6.242640687119285]",709.5117600329315,5217,-1.0,1108.7737264633179,0.05332671705242572,18.75232632484943,"[1.5, 7.949747383594513, 2.5, 9.91421353816986, 6.949747383594513, 15.606601536273956, 4.914213538169861, 22.32842707633972, 9.192387998104095, 13.571067690849304, 20.813708305358887, 0.7071067690849304, 12.535533845424652, 4.5, 12.571067690849304, 1.7071067690849304, 2.5, 14.399494767189026]",9.120023571782642,22.32842707633972,2,1.3333333333333333,r03c09f04p01-ch2sk1fk1fl1.tiff
3,11,7,4,"[5.82842712474619, 19.656854249492383, 34.627416997969526, 19.142135623730955, 17.071067811865476, 3.414213562373095, 33.14213562373096]",132.88225099390857,846,1.2115325076308012,259.4213534593582,0.15796787842596613,6.330400901526724,"[13.949747383594513, 15.606601536273956, 17.156854152679443, 2.5]",12.303300768136978,17.156854152679443,1,1.0169491525423728,r03c09f04p01-ch2sk1fk1fl1.tiff
4,28,19,5,"[8.82842712474619, 15.899494936611667, 12.82842712474619, 3.82842712474619, 3.82842712474619, 2.0, 1.4142135623730951, 3.0, 16.65685424949238, 5.82842712474619, 3.0, 7.65685424949238, 2.0, 1.4142135623730951, 14.656854249492381, 3.82842712474619, 31.142135623730955, 9.656854249492381, 6.414213562373095]",153.88225099390857,597,1.419755611794083,321.705624461174,0.07248812853007022,13.795362361785493,"[7.156854152679443, 0.5, 2.5, 10.121320307254791, 12.778174459934235]",6.611269783973694,12.778174459934235,0,1.0769230769230769,r03c09f04p01-ch2sk1fk1fl1.tiff
5,29,20,9,"[28.142135623730955, 4.0, 8.242640687119284, 3.82842712474619, 12.242640687119287, 5.414213562373095, 74.97056274847712, 9.0, 35.041630560342625, 29.313708498984763, 56.59797974644663, 14.071067811865476, 128.3969696196699, 15.242640687119286, 41.698484809834994, 1.4142135623730951, 2.0, 5.0, 2.0, 9.65685424949238]",486.27416997969505,3645,-1.0,952.6904666423798,0.050466566444010874,19.815098796337374,"[2.5, 12.328427076339722, 10.535533845424652, 25.778174459934235, 2.5, 9.328427076339722, 5.121320307254791, 1.5, 24.606601536273956]",10.466498255729675,25.778174459934235,1,1.6689655172413793,r03c09f04p01-ch2sk1fk1fl1.tiff
7,58,40,13,"[21.899494936611667, 24.48528137423857, 21.798989873223338, 16.656854249492383, 39.798989873223334, 61.14213562373094, 6.0, 7.242640687119285, 18.55634918610405, 18.55634918610405, 29.55634918610405, 1.4142135623730951, 2.0, 14.899494936611667, 35.65685424949238, 41.21320343559643, 19.899494936611667, 19.313708498984763, 27.142135623730955, 10.414213562373096, 7.0, 11.899494936611667, 6.0, 11.0, 12.485281374238571, 10.242640687119284, 5.414213562373095, 12.242640687119286, 49.04163056034261, 22.414213562373096, 4.82842712474619, 16.313708498984763, 11.0, 14.828427124746192, 9.071067811865476, 14.899494936611667, 12.656854249492381, 15.82842712474619, 22.55634918610405, 20.313708498984763]",727.683332908185,6791,-1.0,746.4234418869019,0.15316976781085576,6.5287035052169475,"[5.949747383594513, 69.85533845424652, 8.5, 13.813708305358887, 9.363960921764374, 8.5, 8.571067690849304, 24.227921843528748, 33.15685415267944, 3.914213538169861, 3.5, 21.571067690849304, 18.985281229019165]",17.685320093081547,69.85533845424652,0,1.4,r03c09f04p01-ch2sk1fk1fl1.tiff
1,27,18,8,"[49.89949493661166, 20.72792206135786, 2.414213562373095, 5.414213562373095, 13.828427124746192, 14.071067811865476, 4.82842712474619, 5.414213562373095, 6.82842712474619, 5.414213562373095, 4.0, 5.414213562373095, 9.414213562373096, 4.0, 2.0, 1.4142135623730951, 7.414213562373095, 3.82842712474619]",166.32590180780454,847,1.4259500632458957,332.00713992118835,0.09656026021702656,10.356227269400721,"[1.5, 2.7071067690849304, 1.5, 3.914213538169861, 2.5, 11.571067690849304, 2.7071067690849304, 47.192387998104095]",9.19898534566164,47.192387998104095,0,2.324324324324324,r04c08f03p01-ch2sk1fk1fl1.tiff
2,55,40,16,"[10.485281374238571, 7.242640687119285, 5.82842712474619, 6.242640687119285, 6.414213562373095, 2.0, 3.414213562373095, 8.414213562373096, 9.82842712474619, 15.071067811865479, 1.0, 16.485281374238575, 2.0, 2.0, 1.4142135623730951, 5.0, 15.828427124746192, 6.242640687119286, 26.384776310850242, 18.656854249492383, 5.242640687119285, 8.82842712474619, 3.414213562373095, 1.0, 4.82842712474619, 15.313708498984763, 5.0, 13.485281374238571, 14.899494936611669, 1.0, 27.55634918610405, 7.0710678118654755, 15.656854249492381, 4.414213562373095, 1.0, 8.242640687119284, 6.242640687119285, 14.656854249492381, 27.970562748477146, 10.414213562373096]",366.19090885901,1918,-1.0,468.3574254512787,0.10987620394507179,9.10115169704907,"[25.05634891986847, 5.328427076339722, 1.5, 3.535533845424652, 11.778174459934235, 2.5, 1.9142135381698608, 16.156854152679443, 23.2634556889534, 2.5, 20.520815074443817, 3.914213538169861, 3.3284270763397217, 2.7071067690849304, 4.328427076339722, 6.949747383594513]",8.455109037458897,25.05634891986847,2,1.3333333333333333,r04c08f03p01-ch2sk1fk1fl1.tiff
5,101,68,30,"[12.242640687119286, 8.82842712474619, 1.4142135623730951, 2.0, 24.48528137423857, 3.414213562373095, 21.142135623730955, 14.485281374238571, 27.485281374238575, 8.0, 29.213203435596434, 2.0, 4.0, 6.0, 16.82842712474619, 10.414213562373096, 5.414213562373095, 2.0, 13.071067811865476, 14.65685424949238, 5.656854249492381, 18.72792206135786, 3.414213562373095, 2.0, 1.4142135623730951, 6.656854249492381, 21.07106781186548, 29.62741699796953, 33.55634918610405, 19.72792206135786, 25.313708498984763, 13.485281374238571, 25.82842712474619, 30.798989873223338, 21.72792206135786, 10.0, 10.82842712474619, 12.65685424949238, 36.89949493661166, 12.828427124746192, 11.656854249492381, 125.9949493661165, 15.242640687119286, 14.0, 15.071067811865476, 24.242640687119287, 78.81118318204301, 10.899494936611667, 9.485281374238571, 12.828427124746192, 7.82842712474619, 14.485281374238571, 8.242640687119284, 4.414213562373095, 7.242640687119285, 17.242640687119287, 4.242640687119286, 7.0, 6.0, 3.8284271247461903, 7.0, 6.82842712474619, 9.414213562373096, 5.656854249492381, 6.242640687119285, 11.071067811865476, 6.414213562373095, 6.0]",1026.7026688919414,9033,-1.0,1618.3931292295456,0.04333849465989956,23.074174768817816,"[3.914213538169861, 7.949747383594513, 2.1213203072547913, 5.914213538169861, 2.914213538169861, 3.7071067690849304, 4.5, 4.121320307254791, 1.7071067690849304, 5.7426406145095825, 5.121320307254791, 6.363960921764374, 7.363960921764374, 34.399494767189026, 8.328427076339722, 7.5, 18.192387998104095, 10.571067690849304, 26.920309841632843, 8.656854152679443, 2.1213203072547913, 11.535533845424652, 9.949747383594513, 3.5, 7.914213538169861, 24.156854152679443, 11.985281229019165, 0.7071067690849304, 5.914213538169861, 35.72792184352875]",9.650728634993236,35.72792184352875,0,1.217877094972067,r04c08f03p01-ch2sk1fk1fl1.tiff
6,9,6,2,"[3.414213562373095, 2.0, 3.82842712474619, 2.0, 1.4142135623730951, 6.82842712474619]",19.485281374238568,78,0.8461889589572277,46.28427076339722,0.45754900537860305,2.1855582423844218,"[8.035533845424652, 0.5]",4.267766922712326,8.035533845424652,0,1.1818181818181819,r04c08f03p01-ch2sk1fk1fl1.tiff
8,34,23,12,"[35.55634918610404, 30.07106781186548, 3.414213562373095, 4.242640687119286, 3.0, 7.82842712474619, 3.414213562373095, 5.0, 3.0, 9.242640687119286, 11.071067811865476, 4.242640687119286, 26.72792206135786, 10.242640687119286, 17.48528137423857, 1.0, 20.142135623730955, 5.82842712474619, 15.828427124746192, 14.071067811865477, 14.071067811865479, 34.213203435596434, 12.071067811865476]",291.76450198781714,2024,1.4772564640854835,565.0264718532562,0.07966779215129945,12.552123926076307,"[31.713203072547913, 11.363960921764374, 12.91421353816986, 14.156854152679443, 7.121320307254791, 0.7071067690849304, 7.949747383594513, 2.5, 5.121320307254791, 0.7071067690849304, 0.5, 33.05634891986847]",10.650931845108667,33.05634891986847,0,1.0941176470588236,r04c08f03p01-ch2sk1fk1fl1.tiff
9,86,58,28,"[13.485281374238571, 14.313708498984763, 6.65685424949238, 12.485281374238571, 13.242640687119286, 10.071067811865476, 5.242640687119286, 4.414213562373095, 10.828427124746192, 5.414213562373095, 3.8284271247461903, 12.071067811865477, 8.414213562373096, 3.414213562373095, 8.242640687119284, 7.414213562373095, 2.0, 9.071067811865476, 28.48528137423857, 7.0, 19.071067811865476, 5.242640687119286, 9.656854249492381, 9.414213562373096, 12.242640687119286, 32.627416997969526, 9.414213562373096, 8.242640687119284, 8.82842712474619, 9.242640687119286, 30.82842712474619, 29.970562748477146, 1.0, 43.11269837220809, 1.0, 11.656854249492381, 13.414213562373096, 29.313708498984766, 8.414213562373096, 13.656854249492381, 7.65685424949238, 4.242640687119286, 4.242640687119286, 18.899494936611667, 13.242640687119286, 2.0, 9.485281374238571, 6.82842712474619, 3.414213562373095, 11.82842712474619, 8.0, 4.414213562373095, 5.242640687119285, 11.485281374238571, 6.656854249492381, 2.0, 1.4142135623730951, 16.656854249492383]",630.1564209736039,5113,-1.0,966.3300747871399,0.06880732344397385,14.533336713994506,"[8.363960921764374, 2.1213203072547913, 8.91421353816986, 4.121320307254791, 15.985281229019165, 0.7071067690849304, 0.7071067690849304, 4.121320307254791, 5.914213538169861, 10.121320307254791, 10.91421353816986, 58.35533845424652, 6.328427076339722, 5.914213538169861, 5.535533845424652, 6.914213538169861, 5.7426406145095825, 2.1213203072547913, 4.5, 4.914213538169861, 5.121320307254791, 2.914213538169861, 0.7071067690849304, 2.1213203072547913, 9.571067690849304, 3.3284270763397217, 11.399494767189026, 10.363960921764374]",7.780149636524064,58.35533845424652,0,1.1608391608391608,r04c08f03p01-ch2sk1fk1fl1.tiff
10,23,15,8,"[17.242640687119284, 30.485281374238575, 2.414213562373095, 14.071067811865477, 1.0, 13.313708498984763, 12.242640687119284, 7.65685424949238, 21.142135623730955, 6.414213562373095, 15.242640687119286, 4.82842712474619, 3.414213562373095, 7.242640687119285, 31.041630560342625]",187.7523086789974,1284,1.456109837204878,326.3330410718918,0.15151400965749673,6.600049739694294,"[4.121320307254791, 0.5, 1.5, 3.914213538169861, 18.020815074443817, 4.535533845424652, 34.71320307254791, 14.328427076339722]",10.204189114272594,34.71320307254791,0,1.5555555555555556,r04c08f03p01-ch2sk1fk1fl1.tiff
15,20,13,7,"[23.384776310850242, 17.242640687119287, 24.142135623730955, 6.0, 27.798989873223338, 10.656854249492381, 38.72792206135785, 9.65685424949238, 31.242640687119287, 9.242640687119286, 53.556349186104036, 3.414213562373095, 3.414213562373095]",258.48023074035524,2654,-1.0,465.2030974626541,0.15410814294857947,6.488949778167565,"[0.5, 51.05634891986847, 35.192387998104095, 7.121320307254791, 21.227921843528748, 14.742640614509583, 20.05634891986847]",21.413852657590592,51.05634891986847,0,1.2395833333333333,r04c08f03p01-ch2sk1fk1fl1.tiff
1,68,46,22,"[14.313708498984763, 3.82842712474619, 3.414213562373095, 7.65685424949238, 19.899494936611667, 13.899494936611667, 4.0, 3.0, 14.485281374238573, 6.65685424949238, 2.0, 14.82842712474619, 20.72792206135786, 52.18376618407354, 25.242640687119287, 10.899494936611667, 22.89949493661167, 9.071067811865476, 23.313708498984766, 29.798989873223338, 58.62741699796952, 3.414213562373095, 28.213203435596434, 28.798989873223338, 18.899494936611667, 54.35533905932735, 14.414213562373096, 3.8284271247461903, 19.242640687119287, 5.0, 7.65685424949238, 4.82842712474619, 5.242640687119285, 17.242640687119287, 58.42640687119282, 4.82842712474619, 9.242640687119286, 42.55634918610404, 5.82842712474619, 32.242640687119284, 3.82842712474619, 15.828427124746192, 1.0, 22.07106781186548, 12.899494936611667, 6.82842712474619]",787.4650788387056,7146,-1.0,1167.065137386322,0.06592994051507062,15.167615687009679,"[9.571067690849304, 19.571067690849304, 0.7071067690849304, 3.1213203072547913, 5.914213538169861, 1.7071067690849304, 14.742640614509583, 2.1213203072547913, 4.535533845424652, 16.742640614509583, 11.91421353816986, 16.192387998104095, 0.5, 20.399494767189026, 7.571067690849304, 17.192387998104095, 0.5, 11.192387998104095, 17.192387998104095, 0.5, 0.7071067690849304, 11.399494767189026]",8.817952166904103,20.399494767189026,3,1.4891304347826086,r02c08f04p01-ch2sk1fk1fl1.tiff
2,27,18,8,"[109.46803743153538, 11.656854249492381, 20.242640687119284, 6.242640687119285, 7.65685424949238, 1.4142135623730951, 2.0, 9.414213562373096, 47.6274169979695, 2.0, 28.242640687119287, 99.98275605729683, 7.242640687119285, 60.38477631085024, 10.485281374238571, 16.242640687119284, 5.414213562373095, 47.38477631085023]",493.10259710444114,3435,1.5776691791912212,913.8204094171524,0.051690995781765794,19.345729074787023,"[2.5, 12.91421353816986, 7.363960921764374, 97.4827550649643, 4.535533845424652, 17.32842707633972, 8.535533845424652, 106.96803629398346]",32.20355757325888,106.96803629398346,2,1.5724637681159421,r02c08f04p01-ch2sk1fk1fl1.tiff
5,73,50,21,"[5.242640687119286, 19.071067811865476, 42.79898987322333, 14.071067811865476, 12.656854249492381, 4.82842712474619, 2.0, 1.4142135623730951, 30.798989873223338, 10.071067811865476, 19.313708498984763, 21.485281374238575, 3.0, 22.485281374238575, 7.656854249492381, 4.82842712474619, 12.242640687119286, 23.899494936611667, 4.0, 4.82842712474619, 7.656854249492381, 5.82842712474619, 14.727922061357859, 21.242640687119287, 14.828427124746192, 56.14213562373095, 14.242640687119286, 4.242640687119286, 2.8284271247461903, 2.0, 1.4142135623730951, 18.0, 71.87005768508877, 46.45584412271569, 4.414213562373095, 21.899494936611667, 28.313708498984763, 3.0, 6.414213562373095, 18.656854249492383, 62.21320343559641, 25.89949493661167, 74.18376618407355, 9.071067811865476, 19.485281374238575, 2.0, 1.4142135623730951, 2.414213562373095, 59.18376618407355, 8.071067811865476]",894.8082245892126,6658,-1.0,1727.9839644432068,0.028020394081875608,35.68829178768862,"[56.47665876150131, 10.071067690849304, 23.399494767189026, 3.914213538169861, 0.5, 0.5, 19.399494767189026, 19.82842707633972, 0.7071067690849304, 53.64213538169861, 11.192387998104095, 4.328427076339722, 1.5, 1.9142135381698608, 0.5, 15.985281229019165, 7.363960921764374, 1.7071067690849304, 10.949747383594513, 16.571067690849304, 2.1213203072547913]",12.503433888866788,56.47665876150131,0,2.0206896551724136,r02c08f04p01-ch2sk1fk1fl1.tiff
7,14,9,5,"[13.485281374238571, 6.414213562373095, 27.07106781186548, 4.82842712474619, 2.8284271247461903, 11.656854249492381, 2.0, 10.828427124746192, 2.8284271247461903]",81.9411254969543,437,1.2991623438127047,169.5807341337204,0.19095818532055098,5.236748549539027,"[6.914213538169861, 8.949747383594513, 1.7071067690849304, 3.7071067690849304, 10.571067690849304]",6.369848430156708,10.571067690849304,0,1.8888888888888888,r02c08f04p01-ch2sk1fk1fl1.tiff
